state,$default,$end,'!','%','&','(',')','*','+',"','",'-','.','/',':',';','<','=','>','[',']','^','{','|','}','~',ADD_ASSIGN,ALIGNAS,ALIGNOF,AND_ASSIGN,AND_OP,ATOMIC,AUTO,BOOL,BREAK,CASE,CHAR,COMPLEX,CONST,CONTINUE,DEC_OP,DEFAULT,DIV_ASSIGN,DO,DOUBLE,ELIF,ELLIPSIS,ELSE,ENUM,ENUMERATION_CONSTANT,EQ_OP,EXCEPT,EXTERN,FLOAT,FOR,FOREACH,FUNC_NAME,F_CONSTANT,GENERIC,GE_OP,GOTO,IDENTIFIER,IF,IMAGINARY,IN,INC_OP,INLINE,INT,I_CONSTANT,LEFT_ASSIGN,LEFT_OP,LE_OP,LONG,MOD_ASSIGN,MUL_ASSIGN,NE_OP,NORETURN,OR_ASSIGN,OR_OP,PASS,PRINT,PTR_OP,RANGE,REGISTER,RESTRICT,RETURN,RIGHT_ASSIGN,RIGHT_OP,SHORT,SIGNED,SIZEOF,STATIC,STATIC_ASSERT,STRING_LITERAL,STRUCT,SUB_ASSIGN,SWITCH,THREAD_LOCAL,TH_OP,TRY,TYPEDEF,TYPEDEF_NAME,UNION,UNSIGNED,VOID,VOLATILE,WHILE,XOR_ASSIGN
0,,,,,,,,,,,,,,,,,,,,,,,,,,,s26,,,,s27,s5,s11,,,s12,s21,s8,,,,,,s19,,,,s25,,,,s3,s18,,,,,,,,,,s22,,,s7,s14,,,,,s15,,,,s28,,,,,,,s6,s9,,,,s13,s16,,s4,s29,,s23,,,s30,,,s2,s1,s24,s17,s20,s10,,
1,r128,,,,,,,,,,,,,,,,,,,,,,,,,,,,,,,,,,,,,,,,,,,,,,,,,,,,,,,,,,,,,,,,,,,,,,,,,,,,,,,,,,,,,,,,,,,,,,,,,,,,,,,,,,
2,r107,,,,,,,,,,,,,,,,,,,,,,,,,,,,,,,,,,,,,,,,,,,,,,,,,,,,,,,,,,,,,,,,,,,,,,,,,,,,,,,,,,,,,,,,,,,,,,,,,,,,,,,,,,
3,r108,,,,,,,,,,,,,,,,,,,,,,,,,,,,,,,,,,,,,,,,,,,,,,,,,,,,,,,,,,,,,,,,,,,,,,,,,,,,,,,,,,,,,,,,,,,,,,,,,,,,,,,,,,
4,r109,,,,,,,,,,,,,,,,,,,,,,,,,,,,,,,,,,,,,,,,,,,,,,,,,,,,,,,,,,,,,,,,,,,,,,,,,,,,,,,,,,,,,,,,,,,,,,,,,,,,,,,,,,
5,r111,,,,,,,,,,,,,,,,,,,,,,,,,,,,,,,,,,,,,,,,,,,,,,,,,,,,,,,,,,,,,,,,,,,,,,,,,,,,,,,,,,,,,,,,,,,,,,,,,,,,,,,,,,
6,r112,,,,,,,,,,,,,,,,,,,,,,,,,,,,,,,,,,,,,,,,,,,,,,,,,,,,,,,,,,,,,,,,,,,,,,,,,,,,,,,,,,,,,,,,,,,,,,,,,,,,,,,,,,
7,r162,,,,,,,,,,,,,,,,,,,,,,,,,,,,,,,,,,,,,,,,,,,,,,,,,,,,,,,,,,,,,,,,,,,,,,,,,,,,,,,,,,,,,,,,,,,,,,,,,,,,,,,,,,
8,r158,,,,,,,,,,,,,,,,,,,,,,,,,,,,,,,,,,,,,,,,,,,,,,,,,,,,,,,,,,,,,,,,,,,,,,,,,,,,,,,,,,,,,,,,,,,,,,,,,,,,,,,,,,
9,r159,,,,,,,,,,,,,,,,,,,,,,,,,,,,,,,,,,,,,,,,,,,,,,,,,,,,,,,,,,,,,,,,,,,,,,,,,,,,,,,,,,,,,,,,,,,,,,,,,,,,,,,,,,
10,r160,,,,,,,,,,,,,,,,,,,,,,,,,,,,,,,,,,,,,,,,,,,,,,,,,,,,,,,,,,,,,,,,,,,,,,,,,,,,,,,,,,,,,,,,,,,,,,,,,,,,,,,,,,
11,r122,,,,,,,,,,,,,,,,,,,,,,,,,,,,,,,,,,,,,,,,,,,,,,,,,,,,,,,,,,,,,,,,,,,,,,,,,,,,,,,,,,,,,,,,,,,,,,,,,,,,,,,,,,
12,r114,,,,,,,,,,,,,,,,,,,,,,,,,,,,,,,,,,,,,,,,,,,,,,,,,,,,,,,,,,,,,,,,,,,,,,,,,,,,,,,,,,,,,,,,,,,,,,,,,,,,,,,,,,
13,r115,,,,,,,,,,,,,,,,,,,,,,,,,,,,,,,,,,,,,,,,,,,,,,,,,,,,,,,,,,,,,,,,,,,,,,,,,,,,,,,,,,,,,,,,,,,,,,,,,,,,,,,,,,
14,r116,,,,,,,,,,,,,,,,,,,,,,,,,,,,,,,,,,,,,,,,,,,,,,,,,,,,,,,,,,,,,,,,,,,,,,,,,,,,,,,,,,,,,,,,,,,,,,,,,,,,,,,,,,
15,r117,,,,,,,,,,,,,,,,,,,,,,,,,,,,,,,,,,,,,,,,,,,,,,,,,,,,,,,,,,,,,,,,,,,,,,,,,,,,,,,,,,,,,,,,,,,,,,,,,,,,,,,,,,
16,r120,,,,,,,,,,,,,,,,,,,,,,,,,,,,,,,,,,,,,,,,,,,,,,,,,,,,,,,,,,,,,,,,,,,,,,,,,,,,,,,,,,,,,,,,,,,,,,,,,,,,,,,,,,
17,r121,,,,,,,,,,,,,,,,,,,,,,,,,,,,,,,,,,,,,,,,,,,,,,,,,,,,,,,,,,,,,,,,,,,,,,,,,,,,,,,,,,,,,,,,,,,,,,,,,,,,,,,,,,
18,r118,,,,,,,,,,,,,,,,,,,,,,,,,,,,,,,,,,,,,,,,,,,,,,,,,,,,,,,,,,,,,,,,,,,,,,,,,,,,,,,,,,,,,,,,,,,,,,,,,,,,,,,,,,
19,r119,,,,,,,,,,,,,,,,,,,,,,,,,,,,,,,,,,,,,,,,,,,,,,,,,,,,,,,,,,,,,,,,,,,,,,,,,,,,,,,,,,,,,,,,,,,,,,,,,,,,,,,,,,
20,r113,,,,,,,,,,,,,,,,,,,,,,,,,,,,,,,,,,,,,,,,,,,,,,,,,,,,,,,,,,,,,,,,,,,,,,,,,,,,,,,,,,,,,,,,,,,,,,,,,,,,,,,,,,
21,r123,,,,,,,,,,,,,,,,,,,,,,,,,,,,,,,,,,,,,,,,,,,,,,,,,,,,,,,,,,,,,,,,,,,,,,,,,,,,,,,,,,,,,,,,,,,,,,,,,,,,,,,,,,
22,r124,,,,,,,,,,,,,,,,,,,,,,,,,,,,,,,,,,,,,,,,,,,,,,,,,,,,,,,,,,,,,,,,,,,,,,,,,,,,,,,,,,,,,,,,,,,,,,,,,,,,,,,,,,
23,r132,,,,,,,,,,,,,,,,,,,,,,,,,,,,,,,,,,,,,,,,,,,,,,,,,,,,,,,,,,,,,,,,,,,,,,,,,,,,,,,,,,,,,,,,,,,,,,,,,,,,,,,,,,
24,r133,,,,,,,,,,,,,,,,,,,,,,,,,,,,,,,,,,,,,,,,,,,,,,,,,,,,,,,,,,,,,,,,,,,,,,,,,,,,,,,,,,,,,,,,,,,,,,,,,,,,,,,,,,
25,,,,,,,,,,,,,,,,,,,,,,s47,,,,,,,,,,,,,,,,,,,,,,,,,,,,,,,,,,,,,,,s46,,,,,,,,,,,,,,,,,,,,,,,,,,,,,,,,,,,,,,,,,,,,,,
26,,,,,,s48,,,,,,,,,,,,,,,,,,,,,,,,,,,,,,,,,,,,,,,,,,,,,,,,,,,,,,,,,,,,,,,,,,,,,,,,,,,,,,,,,,,,,,,,,,,,,,,,,,,,,
27,r161,,,,,s49,,,,,,,,,,,,,,,,,,,,,,,,,,,,,,,,,,,,,,,,,,,,,,,,,,,,,,,,,,,,,,,,,,,,,,,,,,,,,,,,,,,,,,,,,,,,,,,,,,,,,
28,r163,,,,,,,,,,,,,,,,,,,,,,,,,,,,,,,,,,,,,,,,,,,,,,,,,,,,,,,,,,,,,,,,,,,,,,,,,,,,,,,,,,,,,,,,,,,,,,,,,,,,,,,,,,
29,,,,,,s50,,,,,,,,,,,,,,,,,,,,,,,,,,,,,,,,,,,,,,,,,,,,,,,,,,,,,,,,,,,,,,,,,,,,,,,,,,,,,,,,,,,,,,,,,,,,,,,,,,,,,
30,r110,,,,,,,,,,,,,,,,,,,,,,,,,,,,,,,,,,,,,,,,,,,,,,,,,,,,,,,,,,,,,,,,,,,,,,,,,,,,,,,,,,,,,,,,,,,,,,,,,,,,,,,,,,
31,r281,,,,,,,,,,,,,,,,,,,,,,,,,,,,,,,,,,,,,,,,,,,,,,,,,,,,,,,,,,,,,,,,,,,,,,,,,,,,,,,,,,,,,,,,,,,,,,,,,,,,,,,,,,
32,,,,,,s52,,s53,,,,,,,s54,,,,,,,,,,,,,,,,,,,,,,,,,,,,,,,,,,,,,,,,,,,,,,s51,,,,,,,,,,,,,,,,,,,,,,,,,,,,,,,,,,,,,,,,,,,,,,
33,r94,,,,,,,,,,,,,,,,,,,,,,,,,,s26,,,,s27,s5,s11,,,s12,s21,s8,,,,,,s19,,,,s25,,,,s3,s18,,,,,,,,,,s22,,,s7,s14,,,,,s15,,,,s28,,,,,,,s6,s9,,,,s13,s16,,s4,,,s23,,,s30,,,s2,s1,s24,s17,s20,s10,,
34,r96,,,,,,,,,,,,,,,,,,,,,,,,,,s26,,,,s27,s5,s11,,,s12,s21,s8,,,,,,s19,,,,s25,,,,s3,s18,,,,,,,,,,s22,,,s7,s14,,,,,s15,,,,s28,,,,,,,s6,s9,,,,s13,s16,,s4,,,s23,,,s30,,,s2,s1,s24,s17,s20,s10,,
35,r126,,,,,,,,,,,,,,,,,,,,,,,,,,,,,,,,,,,,,,,,,,,,,,,,,,,,,,,,,,,,,,,,,,,,,,,,,,,,,,,,,,,,,,,,,,,,,,,,,,,,,,,,,,
36,,,,,,,,,,,,,,,,,,,,,,s63,,,,,,,,,,,,,,,,,,,,,,,,,,,,,,,,,,,,,,,s62,,,,,,,,,,,,,,,,,,,,,,,,,,,,,,,,,,,,,,,,,,,,,,
37,r127,,,,,,,,,,,,,,,,,,,,,,,,,,,,,,,,,,,,,,,,,,,,,,,,,,,,,,,,,,,,,,,,,,,,,,,,,,,,,,,,,,,,,,,,,,,,,,,,,,,,,,,,,,
38,r125,,,,,,,,,,,,,,,,,,,,,,,,,,,,,,,,,,,,,,,,,,,,,,,,,,,,,,,,,,,,,,,,,,,,,,,,,,,,,,,,,,,,,,,,,,,,,,,,,,,,,,,,,,
39,r98,,,,,,,,,,,,,,,,,,,,,,,,,,s26,,,,s27,s5,s11,,,s12,s21,s8,,,,,,s19,,,,s25,,,,s3,s18,,,,,,,,,,s22,,,s7,s14,,,,,s15,,,,s28,,,,,,,s6,s9,,,,s13,s16,,s4,,,s23,,,s30,,,s2,s1,s24,s17,s20,s10,,
40,r100,,,,,,,,,,,,,,,,,,,,,,,,,,s26,,,,s27,s5,s11,,,s12,s21,s8,,,,,,s19,,,,s25,,,,s3,s18,,,,,,,,,,s22,,,s7,s14,,,,,s15,,,,s28,,,,,,,s6,s9,,,,s13,s16,,s4,,,s23,,,s30,,,s2,s1,s24,s17,s20,s10,,
41,r102,,,,,,,,,,,,,,,,,,,,,,,,,,s26,,,,s27,s5,s11,,,s12,s21,s8,,,,,,s19,,,,s25,,,,s3,s18,,,,,,,,,,s22,,,s7,s14,,,,,s15,,,,s28,,,,,,,s6,s9,,,,s13,s16,,s4,,,s23,,,s30,,,s2,s1,s24,s17,s20,s10,,
42,r92,,,,,,,,,,,,,,,,,,,,,,,,,,,,,,,,,,,,,,,,,,,,,,,,,,,,,,,,,,,,,,,,,,,,,,,,,,,,,,,,,,,,,,,,,,,,,,,,,,,,,,,,,,
43,,s67,,,,,,,,,,,,,,,,,,,,,,,,,s26,,,,s27,s5,s11,,,s12,s21,s8,,,,,,s19,,,,s25,,,,s3,s18,,,,,,,,,,s22,,,s7,s14,,,,,s15,,,,s28,,,,,,,s6,s9,,,,s13,s16,,s4,s29,,s23,,,s30,,,s2,s1,s24,s17,s20,s10,,
44,r278,,,,,,,,,,,,,,,,,,,,,,,,,,,,,,,,,,,,,,,,,,,,,,,,,,,,,,,,,,,,,,,,,,,,,,,,,,,,,,,,,,,,,,,,,,,,,,,,,,,,,,,,,,
45,r280,,,,,,,,,,,,,,,,,,,,,,,,,,,,,,,,,,,,,,,,,,,,,,,,,,,,,,,,,,,,,,,,,,,,,,,,,,,,,,,,,,,,,,,,,,,,,,,,,,,,,,,,,,
46,r152,,,,,,,,,,,,,,,,,,,,,s69,,,,,,,,,,,,,,,,,,,,,,,,,,,,,,,,,,,,,,,,,,,,,,,,,,,,,,,,,,,,,,,,,,,,,,,,,,,,,,,,,,,,,
47,,,,,,,,,,,,,,,,,,,,,,,,,,,,,,,,,,,,,,,,,,,,,,,,,,,,,,,,,,,,,s70,,,,,,,,,,,,,,,,,,,,,,,,,,,,,,,,,,,,,,,,,,,,,,
48,,,s92,,s87,s86,,s88,s89,,s90,,,,,,,,,,,,,,s91,,,s84,,,s27,,s11,,,s12,s21,s8,,s82,,,,s19,,,,s25,s83,,,,s18,,,s79,s77,s85,,,s75,,s22,,s81,,s14,s76,,,,s15,,,,,,,,s74,,,,s9,,,,s13,s16,s80,,,s78,s23,,,,,,,s1,s24,s17,s20,s10,,
49,,,,,,,,,,,,,,,,,,,,,,,,,,,,,,,s27,,s11,,,s12,s21,s8,,,,,,s19,,,,s25,,,,,s18,,,,,,,,,,s22,,,,s14,,,,,s15,,,,,,,,,,,,s9,,,,s13,s16,,,,,s23,,,,,,,s1,s24,s17,s20,s10,,
50,,,s92,,s87,s86,,s88,s89,,s90,,,,,,,,,,,,,,s91,,,s84,,,,,,,,,,,,s82,,,,,,,,,s83,,,,,,,s79,s77,s85,,,s75,,,,s81,,,s76,,,,,,,,,,,,s74,,,,,,,,,,s80,,,s78,,,,,,,,,,,,,,
51,r168,,,,,,,,,,,,,,,,,,,,,,,,,,,,,,,,,,,,,,,,,,,,,,,,,,,,,,,,,,,,,,,,,,,,,,,,,,,,,,,,,,,,,,,,,,,,,,,,,,,,,,,,,,
52,,,,,,s52,,s53,,,,,,,,,,,,,,,,,,,,,,,,,,,,,,,,,,,,,,,,,,,,,,,,,,,,,s51,,,,,,,,,,,,,,,,,,,,,,,,,,,,,,,,,,,,,,,,,,,,,,
53,r185,,,,,,,s53,,,,,,,,,,,,,,,,,,,,,,,s120,,,,,,,s8,,,,,,,,,,,,,,,,,,,,,,,,,,,,,,,,,,,,,,,,,,,,,,s9,,,,,,,,,,,,,,,,,,,,,s10,,
54,r90,,,,,,,,,,,,,,,,,,,,,,,,,,,,,,,,,,,,,,,,,,,,,,,,,,,,,,,,,,,,,,,,,,,,,,,,,,,,,,,,,,,,,,,,,,,,,,,,,,,,,,,,,,
55,,,,,,,,,,s124,,,,,s125,,,,,,,,,,,,,,,,,,,,,,,,,,,,,,,,,,,,,,,,,,,,,,,,,,,,,,,,,,,,,,,,,,,,,,,,,,,,,,,,,,,,,,,,,,,,
56,r103,,,,,,,,,,,,,,,,,,,,,,,,,,,,,,,,,,,,,,,,,,,,,,,,,,,,,,,,,,,,,,,,,,,,,,,,,,,,,,,,,,,,,,,,,,,,,,,,,,,,,,,,,,
57,r106,,,,,,,,,,,,,,,,s127,,,,,s126,,,,,s26,,,,s27,s5,s11,,,s12,s21,s8,,,,,,s19,,,,s25,,,,s3,s18,,,,,,,,,,s22,,,s7,s14,,,,,s15,,,,s28,,,,,,,s6,s9,,,,s13,s16,,s4,s29,,s23,,,s30,,,s2,s1,s24,s17,s20,s10,,
58,r167,,,,,s132,,,,,,,,,,,,,s133,,,,,,,,,,,,,,,,,,,,,,,,,,,,,,,,,,,,,,,,,,,,,,,,,,,,,,,,,,,,,,,,,,,,,,,,,,,,,,,,,,,,,,,,
59,,,,,,s52,,,,,,,,,,,,,,,,,,,,,,,,,,,,,,,,,,,,,,,,,,,,,,,,,,,,,,,s51,,,,,,,,,,,,,,,,,,,,,,,,,,,,,,,,,,,,,,,,,,,,,,
60,r93,,,,,,,,,,,,,,,,,,,,,,,,,,,,,,,,,,,,,,,,,,,,,,,,,,,,,,,,,,,,,,,,,,,,,,,,,,,,,,,,,,,,,,,,,,,,,,,,,,,,,,,,,,
61,r95,,,,,,,,,,,,,,,,,,,,,,,,,,,,,,,,,,,,,,,,,,,,,,,,,,,,,,,,,,,,,,,,,,,,,,,,,,,,,,,,,,,,,,,,,,,,,,,,,,,,,,,,,,
62,r131,,,,,,,,,,,,,,,,,,,,,s135,,,,,,,,,,,,,,,,,,,,,,,,,,,,,,,,,,,,,,,,,,,,,,,,,,,,,,,,,,,,,,,,,,,,,,,,,,,,,,,,,,,,,
63,,,,,,,,,,,,,,,,,,,,,,,,,,,,,,,s27,,s11,,,s12,s21,s8,,,,,,s19,,,,s25,,,,,s18,,,,,,,,,,s22,,,,s14,,,,,s15,,,,,,,,,,,,s9,,,,s13,s16,,,s29,,s23,,,,,,,s1,s24,s17,s20,s10,,
64,r97,,,,,,,,,,,,,,,,,,,,,,,,,,,,,,,,,,,,,,,,,,,,,,,,,,,,,,,,,,,,,,,,,,,,,,,,,,,,,,,,,,,,,,,,,,,,,,,,,,,,,,,,,,
65,r99,,,,,,,,,,,,,,,,,,,,,,,,,,,,,,,,,,,,,,,,,,,,,,,,,,,,,,,,,,,,,,,,,,,,,,,,,,,,,,,,,,,,,,,,,,,,,,,,,,,,,,,,,,
66,r101,,,,,,,,,,,,,,,,,,,,,,,,,,,,,,,,,,,,,,,,,,,,,,,,,,,,,,,,,,,,,,,,,,,,,,,,,,,,,,,,,,,,,,,,,,,,,,,,,,,,,,,,,,
67,acc,,,,,,,,,,,,,,,,,,,,,,,,,,,,,,,,,,,,,,,,,,,,,,,,,,,,,,,,,,,,,,,,,,,,,,,,,,,,,,,,,,,,,,,,,,,,,,,,,,,,,,,,,,
68,r279,,,,,,,,,,,,,,,,,,,,,,,,,,,,,,,,,,,,,,,,,,,,,,,,,,,,,,,,,,,,,,,,,,,,,,,,,,,,,,,,,,,,,,,,,,,,,,,,,,,,,,,,,,
69,,,,,,,,,,,,,,,,,,,,,,,,,,,,,,,,,,,,,,,,,,,,,,,,,,,,,,,,,,,,,s70,,,,,,,,,,,,,,,,,,,,,,,,,,,,,,,,,,,,,,,,,,,,,,
70,r9,,,,,,,,,,,,,,,,,,,,,,,,,,,,,,,,,,,,,,,,,,,,,,,,,,,,,,,,,,,,,,,,,,,,,,,,,,,,,,,,,,,,,,,,,,,,,,,,,,,,,,,,,,
71,r156,,,,,,,,,,,,,,,,s141,,,,,,,,,,,,,,,,,,,,,,,,,,,,,,,,,,,,,,,,,,,,,,,,,,,,,,,,,,,,,,,,,,,,,,,,,,,,,,,,,,,,,,,,,,
72,,,,,,,,,,s142,,,,,,,,,,,,,,s143,,,,,,,,,,,,,,,,,,,,,,,,,,,,,,,,,,,,,,,,,,,,,,,,,,,,,,,,,,,,,,,,,,,,,,,,,,,,,,,,,,,
73,r153,,,,,,,,,,,,,,,,,,,,,,,,,,,,,,,,,,,,,,,,,,,,,,,,,,,,,,,,,,,,,,,,,,,,,,,,,,,,,,,,,,,,,,,,,,,,,,,,,,,,,,,,,,
74,,,,,,s144,,,,,,,,,,,,,,,,,,,,,,,,,,,,,,,,,,,,,,,,,,,,,,,,,,,,,,,,,,,,,,,,,,,,,,,,,,,,,,,,,,,,,,,,,,,,,,,,,,,,,
75,r1,,,,,,,,,,,,,,,,,,,,,,,,,,,,,,,,,,,,,,,,,,,,,,,,,,,,,,,,,,,,,,,,,,,,,,,,,,,,,,,,,,,,,,,,,,,,,,,,,,,,,,,,,,
76,r6,,,,,,,,,,,,,,,,,,,,,,,,,,,,,,,,,,,,,,,,,,,,,,,,,,,,,,,,,,,,,,,,,,,,,,,,,,,,,,,,,,,,,,,,,,,,,,,,,,,,,,,,,,
77,r7,,,,,,,,,,,,,,,,,,,,,,,,,,,,,,,,,,,,,,,,,,,,,,,,,,,,,,,,,,,,,,,,,,,,,,,,,,,,,,,,,,,,,,,,,,,,,,,,,,,,,,,,,,
78,r10,,,,,,,,,,,,,,,,,,,,,,,,,,,,,,,,,,,,,,,,,,,,,,,,,,,,,,,,,,,,,,,,,,,,,,,,,,,,,,,,,,,,,,,,,,,,,,,,,,,,,,,,,,
79,r11,,,,,,,,,,,,,,,,,,,,,,,,,,,,,,,,,,,,,,,,,,,,,,,,,,,,,,,,,,,,,,,,,,,,,,,,,,,,,,,,,,,,,,,,,,,,,,,,,,,,,,,,,,
80,,,s92,,s87,s145,,s88,s89,,s90,,,,,,,,,,,,,,s91,,,s84,,,,,,,,,,,,s82,,,,,,,,,s83,,,,,,,s79,s77,s85,,,s75,,,,s81,,,s76,,,,,,,,,,,,s74,,,,,,,,,,s80,,,s78,,,,,,,,,,,,,,
81,,,s92,,s87,s147,,s88,s89,,s90,,,,,,,,,,,,,,s91,,,s84,,,,,,,,,,,,s82,,,,,,,,,s83,,,,,,,s79,s77,s85,,,s75,,,,s81,,,s76,,,,,,,,,,,,s74,,,,,,,,,,s80,,,s78,,,,,,,,,,,,,,
82,,,s92,,s87,s147,,s88,s89,,s90,,,,,,,,,,,,,,s91,,,s84,,,,,,,,,,,,s82,,,,,,,,,s83,,,,,,,s79,s77,s85,,,s75,,,,s81,,,s76,,,,,,,,,,,,s74,,,,,,,,,,s80,,,s78,,,,,,,,,,,,,,
83,r8,,,,,,,,,,,,,,,,,,,,,,,,,,,,,,,,,,,,,,,,,,,,,,,,,,,,,,,,,,,,,,,,,,,,,,,,,,,,,,,,,,,,,,,,,,,,,,,,,,,,,,,,,,
84,,,,,,s150,,,,,,,,,,,,,,,,,,,,,,,,,,,,,,,,,,,,,,,,,,,,,,,,,,,,,,,,,,,,,,,,,,,,,,,,,,,,,,,,,,,,,,,,,,,,,,,,,,,,,
85,,,,,,s151,,,,,,,,,,,,,,,,,,,,,,,,,,,,,,,,,,,,,,,,,,,,,,,,,,,,,,,,,,,,,,,,,,,,,,,,,,,,,,,,,,,,,,,,,,,,,,,,,,,,,
86,,,s92,,s87,s86,,s88,s89,,s90,,,,,,,,,,,,,,s91,,,s84,,,s27,,s11,,,s12,s21,s8,,s82,,,,s19,,,,s25,s83,,,,s18,,,s79,s77,s85,,,s75,,s22,,s81,,s14,s76,,,,s15,,,,,,,,s74,,,,s9,,,,s13,s16,s80,,,s78,s23,,,,,,,s1,s24,s17,s20,s10,,
87,r36,,,,,,,,,,,,,,,,,,,,,,,,,,,,,,,,,,,,,,,,,,,,,,,,,,,,,,,,,,,,,,,,,,,,,,,,,,,,,,,,,,,,,,,,,,,,,,,,,,,,,,,,,,
88,r37,,,,,,,,,,,,,,,,,,,,,,,,,,,,,,,,,,,,,,,,,,,,,,,,,,,,,,,,,,,,,,,,,,,,,,,,,,,,,,,,,,,,,,,,,,,,,,,,,,,,,,,,,,
89,r38,,,,,,,,,,,,,,,,,,,,,,,,,,,,,,,,,,,,,,,,,,,,,,,,,,,,,,,,,,,,,,,,,,,,,,,,,,,,,,,,,,,,,,,,,,,,,,,,,,,,,,,,,,
90,r39,,,,,,,,,,,,,,,,,,,,,,,,,,,,,,,,,,,,,,,,,,,,,,,,,,,,,,,,,,,,,,,,,,,,,,,,,,,,,,,,,,,,,,,,,,,,,,,,,,,,,,,,,,
91,r40,,,,,,,,,,,,,,,,,,,,,,,,,,,,,,,,,,,,,,,,,,,,,,,,,,,,,,,,,,,,,,,,,,,,,,,,,,,,,,,,,,,,,,,,,,,,,,,,,,,,,,,,,,
92,r41,,,,,,,,,,,,,,,,,,,,,,,,,,,,,,,,,,,,,,,,,,,,,,,,,,,,,,,,,,,,,,,,,,,,,,,,,,,,,,,,,,,,,,,,,,,,,,,,,,,,,,,,,,
93,r17,,,,,,,,,,,,,,,,,,,,,,,,,,,,,,,,,,,,,,,,,,,,,,,,,,,,,,,,,,,,,,,,,,,,,,,,,,,,,,,,,,,,,,,,,,,,,,,,,,,,,,,,,,
94,r2,,,,,,,,,,,,,,,,,,,,,,,,,,,,,,,,,,,,,,,,,,,,,,,,,,,,,,,,,,,,,,,,,,,,,,,,,,,,,,,,,,,,,,,,,,,,,,,,,,,,,,,,,,
95,r3,,,,,,,,,,,,,,,,,,,,,,,,,,,,,,,,,,,,,,,,,,,,,,,,,,,,,,,,,,,,,,,,,,,,,,,,,,,,,,,,,,,,,,,,,,,,,,,,,,,,,,,,,,
96,r5,,,,,,,,,,,,,,,,,,,,,,,,,,,,,,,,,,,,,,,,,,,,,,,,,,,,,,,,,,,,,,,,,,,,,,,,,,,,,,,,,,,,,,,,,,,,,,,,,,,,,,,,,,
97,r29,,,,,s160,,,,,,s162,,,,,,,s161,,,,,,,,,,,,,,,,,,,,,s159,,,,,,,,,,,,,,,,,,,,,,,,,s158,,,,,,,,,,,,,,,,s157,,,,,,,,,,,,,,,,,,,,,,,,,,
98,r42,,,,,,,,,,,,,,,,,,,,,,,,,,,,,,,,,,,,,,,,,,,,,,,,,,,,,,,,,,,,,,,,,,,,,,,,,,,,,,,,,,,,,,,,,,,,,,,,,,,,,,,,,,
99,,,s92,,s87,s86,,s88,s89,,s90,,,,,,,,,,,,,,s91,,,s84,,,,,,,,,,,,s82,,,,,,,,,s83,,,,,,,s79,s77,s85,,,s75,,,,s81,,,s76,,,,,,,,,,,,s74,,,,,,,,,,s80,,,s78,,,,,,,,,,,,,,
100,r44,,,,,,,,,,,,,,,,,,,,,,,,,,,,,,,,,,,,,,,,,,,,,,,,,,,,,,,,,,,,,,,,,,,,,,,,,,,,,,,,,,,,,,,,,,,,,,,,,,,,,,,,,,
101,r48,,,s166,,,,s164,,,,,s165,,,,,,,,,,,,,,,,,,,,,,,,,,,,,,,,,,,,,,,,,,,,,,,,,,,,,,,,,,,,,,,,,,,,,,,,,,,,,,,,,,,,,,,,,,,,,,
102,r51,,,,,,,,s167,,s168,,,,,,,,,,,,,,,,,,,,,,,,,,,,,,,,,,,,,,,,,,,,,,,,,,,,,,,,,,,,,,,,,,,,,,,,,,,,,,,,,,,,,,,,,,,,,,,,
103,r54,,,,,,,,,,,,,,,,,,,,,,,,,,,,,,,,,,,,,,,,,,,,,,,,,,,,,,,,,,,,,,,,,,,,,s169,,,,,,,,,,,,,,,,,s170,,,,,,,,,,,,,,,,,,,,
104,r60,,,,,,,,,,,,,,,s174,,s175,,,,,,,,,,,,,,,,,,,,,,,,,,,,,,,,,,,,,,,,,s172,,,,,,,,,,,,s171,,,,,,,,,,,,,,,,,,,,,,,,,,,s173,,,,,,,,,
105,r63,,,,,,,,,,,,,,,,,,,,,,,,,,,,,,,,,,,,,,,,,,,,,,,,,s176,,,,,,,,,,,,,,,,,,,,,,,,,s177,,,,,,,,,,,,,,,,,,,,,,,,,,,,,,,,
106,r65,,,,s178,,,,,,,,,,,,,,,,,,,,,,,,,,,,,,,,,,,,,,,,,,,,,,,,,,,,,,,,,,,,,,,,,,,,,,,,,,,,,,,,,,,,,,,,,,,,,,,,,,,,,,
107,r67,,,,,,,,,,,,,,,,,,,,s179,,,,,,,,,,,,,,,,,,,,,,,,,,,,,,,,,,,,,,,,,,,,,,,,,,,,,,,,,,,,,,,,,,,,,,,,,,,,,,,,,,,,,,
108,r69,,,,,,,,,,,,,,,,,,,,,,s180,,,,,,,,,,,,,,,,,,,,,,,,,,,,,,,,,,,,,,,,,,,,,,,,,,,,,,,,,,,,,,,,,,,,,,,,,,,,,,,,,,,,
109,r71,,,,,,,,,,,,,,,,,,,,,,,,,,,,,s181,,,,,,,,,,,,,,,,,,,,,,,,,,,,,,,,,,,,,,,,,,,,,,,,,,,,,,,,,,,,,,,,,,,,,,,,,,,,,
110,r73,,,,,,,,,,,,,,,,,,,,,,,,,,,,,,,,,,,,,,,,,,,,,,,,,,,,,,,,,,,,,,,,,,,,,,,,,,,,,s182,,,,,,,,,,,,,,,,,,,,,,,,,,,,,
111,r89,,,,,,,,,,,,,,,,,,,,,,,,,,,,,,,,,,,,,,,,,,,,,,,,,,,,,,,,,,,,,,,,,,,,,,,,,,,,,,,,,,,,,,,,,,,,,,,,,,,,,,,,,,
112,,,,,,,s183,,,,,,,,,,,,,,,,,,,,,,,,,,,,,,,,,,,,,,,,,,,,,,,,,,,,,,,,,,,,,,,,,,,,,,,,,,,,,,,,,,,,,,,,,,,,,,,,,,,,
113,r140,,,,,,,,,,,,,,,,,,,,,,,,,,,,,,s27,,s11,,,s12,s21,s8,,,,,,s19,,,,s25,,,,,s18,,,,,,,,,,s22,,,,s14,,,,,s15,,,,,,,,,,,,s9,,,,s13,s16,,,,,s23,,,,,,,s1,s24,s17,s20,s10,,
114,r198,,,,,s185,,s53,,,,,,,,,,,s186,,,,,,,,,,,,,,,,,,,,,,,,,,,,,,,,,,,,,,,,,,,,,,,,,,,,,,,,,,,,,,,,,,,,,,,,,,,,,,,,,,,,,,,,
115,r142,,,,,,,,,,,,,,,,,,,,,,,,,,,,,,s27,,s11,,,s12,s21,s8,,,,,,s19,,,,s25,,,,,s18,,,,,,,,,,s22,,,,s14,,,,,s15,,,,,,,,,,,,s9,,,,s13,s16,,,,,s23,,,,,,,s1,s24,s17,s20,s10,,
116,,,,,,,s191,,,,,,,,,,,,,,,,,,,,,,,,,,,,,,,,,,,,,,,,,,,,,,,,,,,,,,,,,,,,,,,,,,,,,,,,,,,,,,,,,,,,,,,,,,,,,,,,,,,,
117,,,,,,,s192,,,,,,,,,,,,,,,,,,,,,,,,,,,,,,,,,,,,,,,,,,,,,,,,,,,,,,,,,,,,,,,,,,,,,,,,,,,,,,,,,,,,,,,,,,,,,,,,,,,,
118,,,,,,,,,,s193,,,,,,,,,,,,,,,,,,,,,,,,,,,,,,,,,,,,,,,,,,,,,,,,,,,,,,,,,,,,,,,,,,,,,,,,,,,,,,,,,,,,,,,,,,,,,,,,,
119,,,,,,,s194,,,,,,,,,,,,,,,,,,,,,,,,,,,,,,,,,,,,,,,,,,,,,,,,,,,,,,,,,,,,,,,,,,,,,,,,,,,,,,,,,,,,,,,,,,,,,,,,,,,,
120,r161,,,,,,,,,,,,,,,,,,,,,,,,,,,,,,,,,,,,,,,,,,,,,,,,,,,,,,,,,,,,,,,,,,,,,,,,,,,,,,,,,,,,,,,,,,,,,,,,,,,,,,,,,,
121,r186,,,,,,,,,,,,,,,,,,,,,,,,,,,,,,,,,,,,,,,,,,,,,,,,,,,,,,,,,,,,,,,,,,,,,,,,,,,,,,,,,,,,,,,,,,,,,,,,,,,,,,,,,,
122,r184,,,,,,,,,,,,,,,,,,,,,,,,,,,,,,,,,,,,,,,,,,,,,,,,,,,,,,,,,,,,,,,,,,,,,,,,,,,,,,,,,,,,,,,,,,,,,,,,,,,,,,,,,,
123,r183,,,,,,,s53,,,,,,,,,,,,,,,,,,,,,,,s120,,,,,,,s8,,,,,,,,,,,,,,,,,,,,,,,,,,,,,,,,,,,,,,,,,,,,,,s9,,,,,,,,,,,,,,,,,,,,,s10,,
124,,,,,,s52,,s53,,,,,,,,,,,,,,,,,,,,,,,,,,,,,,,,,,,,,,,,,,,,,,,,,,,,,s51,,,,,,,,,,,,,,,,,,,,,,,,,,,,,,,,,,,,,,,,,,,,,,
125,r91,,,,,,,,,,,,,,,,,,,,,,,,,,,,,,,,,,,,,,,,,,,,,,,,,,,,,,,,,,,,,,,,,,,,,,,,,,,,,,,,,,,,,,,,,,,,,,,,,,,,,,,,,,
126,,,s92,,s87,s86,,s88,s89,,s90,,,,s215,,,,,,,s126,,s214,s91,,s26,s84,,,s27,s5,s11,s212,s203,s12,s21,s8,s211,s82,s204,,s208,s19,,,,s25,s83,,,s3,s18,s209,s201,s79,s77,s85,,s210,s202,s205,s22,,s81,s7,s14,s76,,,,s15,,,,s28,,,s199,s74,,,s6,s9,s213,,,s13,s16,s80,s4,s29,s78,s23,,s206,s30,,s200,s2,s1,s24,s17,s20,s10,s207,
127,,,s92,,s87,s86,,s88,s89,,s90,,,,,,,,,,,s228,,,s91,,,s84,,,,,,,,,,,,s82,,,,,,,,,s83,,,,,,,s79,s77,s85,,,s75,,,,s81,,,s76,,,,,,,,,,,,s74,,,,,,,,,,s80,,,s78,,,,,,,,,,,,,,
128,r284,,,,,,,,,,,,,,,,,,,,,,,,,,,,,,,,,,,,,,,,,,,,,,,,,,,,,,,,,,,,,,,,,,,,,,,,,,,,,,,,,,,,,,,,,,,,,,,,,,,,,,,,,,
129,,,,,,s52,,s53,,,,,,,s54,,,,,,,,,,,,,,,,,,,,,,,,,,,,,,,,,,,,,,,,,,,,,,s51,,,,,,,,,,,,,,,,,,,,,,,,,,,,,,,,,,,,,,,,,,,,,,
130,r283,,,,,,,,,,,,,,,,,,,,,,,,,,,,,,,,,,,,,,,,,,,,,,,,,,,,,,,,,,,,,,,,,,,,,,,,,,,,,,,,,,,,,,,,,,,,,,,,,,,,,,,,,,
131,,,,,,,,,,,,,,,,,,,,,,s126,,,,,s26,,,,s27,s5,s11,,,s12,s21,s8,,,,,,s19,,,,s25,,,,s3,s18,,,,,,,,,,s22,,,s7,s14,,,,,s15,,,,s28,,,,,,,s6,s9,,,,s13,s16,,s4,s29,,s23,,,s30,,,s2,s1,s24,s17,s20,s10,,
132,,,,,,,s234,,,,,,,,,,,,,,,,,,,,s26,,,,s27,s5,s11,,,s12,s21,s8,,,,,,s19,,,,s25,,,,s3,s18,,,,,,,,s233,,s22,,,s7,s14,,,,,s15,,,,s28,,,,,,,s6,s9,,,,s13,s16,,s4,,,s23,,,s30,,,s2,s1,s24,s17,s20,s10,,
133,,,s92,,s87,s86,,s242,s89,,s90,,,,,,,,,s241,,,,,s91,,,s84,,,s120,,,,,,,s8,,s82,,,,,,,,,s83,,,,,,,s79,s77,s85,,,s75,,,,s81,,,s76,,,,,,,,,,,,s74,,,,s9,,,,,,s80,s240,,s78,,,,,,,,,,,,s10,,
134,r166,,,,,s132,,,,,,,,,,,,,s133,,,,,,,,,,,,,,,,,,,,,,,,,,,,,,,,,,,,,,,,,,,,,,,,,,,,,,,,,,,,,,,,,,,,,,,,,,,,,,,,,,,,,,,,
135,,,,,,,,,,,,,,,,,,,,,,,,,,,,,,,s27,,s11,,,s12,s21,s8,,,,,,s19,,,,s25,,,,,s18,,,,,,,,,,s22,,,,s14,,,,,s15,,,,,,,,,,,,s9,,,,s13,s16,,,s29,,s23,,,,,,,s1,s24,s17,s20,s10,,
136,,,,,,,,,,,,,,,,,,,,,,,,s246,,,,,,,s27,,s11,,,s12,s21,s8,,,,,,s19,,,,s25,,,,,s18,,,,,,,,,,s22,,,,s14,,,,,s15,,,,,,,,,,,,s9,,,,s13,s16,,,s29,,s23,,,,,,,s1,s24,s17,s20,s10,,
137,r134,,,,,,,,,,,,,,,,,,,,,,,,,,,,,,,,,,,,,,,,,,,,,,,,,,,,,,,,,,,,,,,,,,,,,,,,,,,,,,,,,,,,,,,,,,,,,,,,,,,,,,,,,,
138,,,,,,s52,,s53,,,,,,s248,s249,,,,,,,,,,,,,,,,,,,,,,,,,,,,,,,,,,,,,,,,,,,,,,s51,,,,,,,,,,,,,,,,,,,,,,,,,,,,,,,,,,,,,,,,,,,,,,
139,r138,,,,,,,,,,,,,,,,,,,,,,,,,,,,,,,,,,,,,,,,,,,,,,,,,,,,,,,,,,,,,,,,,,,,,,,,,,,,,,,,,,,,,,,,,,,,,,,,,,,,,,,,,,
140,,,,,,,,,,s253,,,,,,,,,,,,,,s254,,,,,,,,,,,,,,,,,,,,,,,,,,,,,,,,,,,,,,,,,,,,,,,,,,,,,,,,,,,,,,,,,,,,,,,,,,,,,,,,,,,
141,,,s92,,s87,s86,,s88,s89,,s90,,,,,,,,,,,,,,s91,,,s84,,,,,,,,,,,,s82,,,,,,,,,s83,,,,,,,s79,s77,s85,,,s75,,,,s81,,,s76,,,,,,,,,,,,s74,,,,,,,,,,s80,,,s78,,,,,,,,,,,,,,
142,,,,,,,,,,,,,,,,,,,,,,,,s256,,,,,,,,,,,,,,,,,,,,,,,,,,,,,,,,,,,,,s70,,,,,,,,,,,,,,,,,,,,,,,,,,,,,,,,,,,,,,,,,,,,,,
143,r148,,,,,,,,,,,,,,,,,,,,,,,,,,,,,,,,,,,,,,,,,,,,,,,,,,,,,,,,,,,,,,,,,,,,,,,,,,,,,,,,,,,,,,,,,,,,,,,,,,,,,,,,,,
144,,,s92,,s87,s86,s258,s88,s89,,s90,,,,,,,,,,,,,,s91,,,s84,,,,,,,,,,,,s82,,,,,,,,,s83,,,,,,,s79,s77,s85,,,s75,,,,s81,,,s76,,,,,,,,,,,,s74,,,,,,,,,,s80,,,s78,,,,,,,,,,,,,,
145,,,s92,,s87,s86,,s88,s89,,s90,,,,,,,,,,,,,,s91,,,s84,,,s27,,s11,,,s12,s21,s8,,s82,,,,s19,,,,s25,s83,,,,s18,,,s79,s77,s85,,,s75,,s22,,s81,,s14,s76,,,,s15,,,,,,,,s74,,,,s9,,,,s13,s16,s80,,,s78,s23,,,,,,,s1,s24,s17,s20,s10,,
146,r33,,,,,,,,,,,,,,,,,,,,,,,,,,,,,,,,,,,,,,,,,,,,,,,,,,,,,,,,,,,,,,,,,,,,,,,,,,,,,,,,,,,,,,,,,,,,,,,,,,,,,,,,,,
147,,,s92,,s87,s86,,s88,s89,,s90,,,,,,,,,,,,,,s91,,,s84,,,s27,,s11,,,s12,s21,s8,,s82,,,,s19,,,,s25,s83,,,,s18,,,s79,s77,s85,,,s75,,s22,,s81,,s14,s76,,,,s15,,,,,,,,s74,,,,s9,,,,s13,s16,s80,,,s78,s23,,,,,,,s1,s24,s17,s20,s10,,
148,r30,,,,,,,,,,,,,,,,,,,,,,,,,,,,,,,,,,,,,,,,,,,,,,,,,,,,,,,,,,,,,,,,,,,,,,,,,,,,,,,,,,,,,,,,,,,,,,,,,,,,,,,,,,
149,r31,,,,,,,,,,,,,,,,,,,,,,,,,,,,,,,,,,,,,,,,,,,,,,,,,,,,,,,,,,,,,,,,,,,,,,,,,,,,,,,,,,,,,,,,,,,,,,,,,,,,,,,,,,
150,,,,,,,,,,,,,,,,,,,,,,,,,,,,,,,s27,,s11,,,s12,s21,s8,,,,,,s19,,,,s25,,,,,s18,,,,,,,,,,s22,,,,s14,,,,,s15,,,,,,,,,,,,s9,,,,s13,s16,,,,,s23,,,,,,,s1,s24,s17,s20,s10,,
151,,,s92,,s87,s86,,s88,s89,,s90,,,,,,,,,,,,,,s91,,,s84,,,,,,,,,,,,s82,,,,,,,,,s83,,,,,,,s79,s77,s85,,,s75,,,,s81,,,s76,,,,,,,,,,,,s74,,,,,,,,,,s80,,,s78,,,,,,,,,,,,,,
152,r42,,,,,,,,,,,,,,,,s274,,,,,,,,,s267,,,s271,,,,,,,,,,,,,s265,,,,,,,,,,,,,,,,,,,,,,,,,,,s269,,,,s266,s264,,,s273,,,,,,,,,s270,,,,,,,,,s268,,,,,,,,,,,,s272
153,r74,,,,,,,,,,,,,,,,,,,,,,,,,,,,,,,,,,,,,,,,,,,,,,,,,,,,,,,,,,,,,,,,,,,,,,,,,,,,,,,,,,,,,,,,,,,,,,,,,,,,,,,,,,
154,r87,,,,,,,,,,,,,,,,,,,,,,,,,,,,,,,,,,,,,,,,,,,,,,,,,,,,,,,,,,,,,,,,,,,,,,,,,,,,,,,,,,,,,,,,,,,,,,,,,,,,,,,,,,
155,,,,,,,s277,,,s276,,,,,,,,,,,,,,,,,,,,,,,,,,,,,,,,,,,,,,,,,,,,,,,,,,,,,,,,,,,,,,,,,,,,,,,,,,,,,,,,,,,,,,,,,,,,,,,,,
156,,,,,,,s278,,,,,,,,,,,,,,,,,,,,,,,,,,,,,,,,,,,,,,,,,,,,,,,,,,,,,,,,,,,,,,,,,,,,,,,,,,,,,,,,,,,,,,,,,,,,,,,,,,,,
157,,,,,,,,,,,,,,,,,,,,,,,,,,,,,,,,,,,,,,,,,,,,,,,,,,,,,,,,,,,,,s279,,,,,,,,,,,,,,,,,,,,,,,,,,,,,,,,,,,,,,,,,,,,,,
158,r23,,,,,,,,,,,,,,,,,,,,,,,,,,,,,,,,,,,,,,,,,,,,,,,,,,,,,,,,,,,,,,,,,,,,,,,,,,,,,,,,,,,,,,,,,,,,,,,,,,,,,,,,,,
159,r24,,,,,,,,,,,,,,,,,,,,,,,,,,,,,,,,,,,,,,,,,,,,,,,,,,,,,,,,,,,,,,,,,,,,,,,,,,,,,,,,,,,,,,,,,,,,,,,,,,,,,,,,,,
160,,,s92,,s87,s86,s280,s88,s89,,s90,,,,,,,,,,,,,,s91,,,s84,,,,,,,,,,,,s82,,,,,,,,,s83,,,,,,,s79,s77,s85,,,s75,,,,s81,,,s76,,,,,,,,,,,,s74,,,,,,,,,,s80,,,s78,,,,,,,,,,,,,,
161,,,s92,,s87,s86,,s88,s89,,s90,,,,,,,,,,,,,,s91,,,s84,,,,,,,,,,,,s82,,,,,,,,,s83,,,,,,,s79,s77,s85,,,s75,,,,s81,,,s76,,,,,,,,,,,,s74,,,,,,,,,,s80,,,s78,,,,,,,,,,,,,,
162,,,,,,,,,,,,,,,,,,,,,,,,,,,,,,,,,,,,,,,,,,,,,,,,,,,,,,,,,,,,,s283,,,,,,,,,,,,,,,,,,,,,,,,,,,,,,,,,,,,,,,,,,,,,,
163,r32,,,,,,,,,,,,,,,,,,,,,,,,,,,,,,,,,,,,,,,,,,,,,,,,,,,,,,,,,,,,,,,,,,,,,,,,,,,,,,,,,,,,,,,,,,,,,,,,,,,,,,,,,,
164,,,s92,,s87,s86,,s88,s89,,s90,,,,,,,,,,,,,,s91,,,s84,,,,,,,,,,,,s82,,,,,,,,,s83,,,,,,,s79,s77,s85,,,s75,,,,s81,,,s76,,,,,,,,,,,,s74,,,,,,,,,,s80,,,s78,,,,,,,,,,,,,,
165,,,s92,,s87,s86,,s88,s89,,s90,,,,,,,,,,,,,,s91,,,s84,,,,,,,,,,,,s82,,,,,,,,,s83,,,,,,,s79,s77,s85,,,s75,,,,s81,,,s76,,,,,,,,,,,,s74,,,,,,,,,,s80,,,s78,,,,,,,,,,,,,,
166,,,s92,,s87,s86,,s88,s89,,s90,,,,,,,,,,,,,,s91,,,s84,,,,,,,,,,,,s82,,,,,,,,,s83,,,,,,,s79,s77,s85,,,s75,,,,s81,,,s76,,,,,,,,,,,,s74,,,,,,,,,,s80,,,s78,,,,,,,,,,,,,,
167,,,s92,,s87,s86,,s88,s89,,s90,,,,,,,,,,,,,,s91,,,s84,,,,,,,,,,,,s82,,,,,,,,,s83,,,,,,,s79,s77,s85,,,s75,,,,s81,,,s76,,,,,,,,,,,,s74,,,,,,,,,,s80,,,s78,,,,,,,,,,,,,,
168,,,s92,,s87,s86,,s88,s89,,s90,,,,,,,,,,,,,,s91,,,s84,,,,,,,,,,,,s82,,,,,,,,,s83,,,,,,,s79,s77,s85,,,s75,,,,s81,,,s76,,,,,,,,,,,,s74,,,,,,,,,,s80,,,s78,,,,,,,,,,,,,,
169,,,s92,,s87,s86,,s88,s89,,s90,,,,,,,,,,,,,,s91,,,s84,,,,,,,,,,,,s82,,,,,,,,,s83,,,,,,,s79,s77,s85,,,s75,,,,s81,,,s76,,,,,,,,,,,,s74,,,,,,,,,,s80,,,s78,,,,,,,,,,,,,,
170,,,s92,,s87,s86,,s88,s89,,s90,,,,,,,,,,,,,,s91,,,s84,,,,,,,,,,,,s82,,,,,,,,,s83,,,,,,,s79,s77,s85,,,s75,,,,s81,,,s76,,,,,,,,,,,,s74,,,,,,,,,,s80,,,s78,,,,,,,,,,,,,,
171,,,s92,,s87,s86,,s88,s89,,s90,,,,,,,,,,,,,,s91,,,s84,,,,,,,,,,,,s82,,,,,,,,,s83,,,,,,,s79,s77,s85,,,s75,,,,s81,,,s76,,,,,,,,,,,,s74,,,,,,,,,,s80,,,s78,,,,,,,,,,,,,,
172,,,s92,,s87,s86,,s88,s89,,s90,,,,,,,,,,,,,,s91,,,s84,,,,,,,,,,,,s82,,,,,,,,,s83,,,,,,,s79,s77,s85,,,s75,,,,s81,,,s76,,,,,,,,,,,,s74,,,,,,,,,,s80,,,s78,,,,,,,,,,,,,,
173,,,s92,,s87,s86,,s88,s89,,s90,,,,,,,,,,,,,,s91,,,s84,,,,,,,,,,,,s82,,,,,,,,,s83,,,,,,,s79,s77,s85,,,s75,,,,s81,,,s76,,,,,,,,,,,,s74,,,,,,,,,,s80,,,s78,,,,,,,,,,,,,,
174,,,s92,,s87,s86,,s88,s89,,s90,,,,,,,,,,,,,,s91,,,s84,,,,,,,,,,,,s82,,,,,,,,,s83,,,,,,,s79,s77,s85,,,s75,,,,s81,,,s76,,,,,,,,,,,,s74,,,,,,,,,,s80,,,s78,,,,,,,,,,,,,,
175,,,s92,,s87,s86,,s88,s89,,s90,,,,,,,,,,,,,,s91,,,s84,,,,,,,,,,,,s82,,,,,,,,,s83,,,,,,,s79,s77,s85,,,s75,,,,s81,,,s76,,,,,,,,,,,,s74,,,,,,,,,,s80,,,s78,,,,,,,,,,,,,,
176,,,s92,,s87,s86,,s88,s89,,s90,,,,,,,,,,,,,,s91,,,s84,,,,,,,,,,,,s82,,,,,,,,,s83,,,,,,,s79,s77,s85,,,s75,,,,s81,,,s76,,,,,,,,,,,,s74,,,,,,,,,,s80,,,s78,,,,,,,,,,,,,,
177,,,s92,,s87,s86,,s88,s89,,s90,,,,,,,,,,,,,,s91,,,s84,,,,,,,,,,,,s82,,,,,,,,,s83,,,,,,,s79,s77,s85,,,s75,,,,s81,,,s76,,,,,,,,,,,,s74,,,,,,,,,,s80,,,s78,,,,,,,,,,,,,,
178,,,s92,,s87,s86,,s88,s89,,s90,,,,,,,,,,,,,,s91,,,s84,,,,,,,,,,,,s82,,,,,,,,,s83,,,,,,,s79,s77,s85,,,s75,,,,s81,,,s76,,,,,,,,,,,,s74,,,,,,,,,,s80,,,s78,,,,,,,,,,,,,,
179,,,s92,,s87,s86,,s88,s89,,s90,,,,,,,,,,,,,,s91,,,s84,,,,,,,,,,,,s82,,,,,,,,,s83,,,,,,,s79,s77,s85,,,s75,,,,s81,,,s76,,,,,,,,,,,,s74,,,,,,,,,,s80,,,s78,,,,,,,,,,,,,,
180,,,s92,,s87,s86,,s88,s89,,s90,,,,,,,,,,,,,,s91,,,s84,,,,,,,,,,,,s82,,,,,,,,,s83,,,,,,,s79,s77,s85,,,s75,,,,s81,,,s76,,,,,,,,,,,,s74,,,,,,,,,,s80,,,s78,,,,,,,,,,,,,,
181,,,s92,,s87,s86,,s88,s89,,s90,,,,,,,,,,,,,,s91,,,s84,,,,,,,,,,,,s82,,,,,,,,,s83,,,,,,,s79,s77,s85,,,s75,,,,s81,,,s76,,,,,,,,,,,,s74,,,,,,,,,,s80,,,s78,,,,,,,,,,,,,,
182,,,s92,,s87,s86,,s88,s89,,s90,,,,,,,,,,,,,,s91,,,s84,,,,,,,,,,,,s82,,,,,,,,,s83,,,,,,,s79,s77,s85,,,s75,,,,s81,,,s76,,,,,,,,,,,,s74,,,,,,,,,,s80,,,s78,,,,,,,,,,,,,,
183,r165,,,,,,,,,,,,,,,,,,,,,,,,,,,,,,,,,,,,,,,,,,,,,,,,,,,,,,,,,,,,,,,,,,,,,,,,,,,,,,,,,,,,,,,,,,,,,,,,,,,,,,,,,,
184,r139,,,,,,,,,,,,,,,,,,,,,,,,,,,,,,,,,,,,,,,,,,,,,,,,,,,,,,,,,,,,,,,,,,,,,,,,,,,,,,,,,,,,,,,,,,,,,,,,,,,,,,,,,,
185,,,,,,s185,s303,s53,,,,,,,,,,,s186,,,,,,,,s26,,,,s27,s5,s11,,,s12,s21,s8,,,,,,s19,,,,s25,,,,s3,s18,,,,,,,,,,s22,,,s7,s14,,,,,s15,,,,s28,,,,,,,s6,s9,,,,s13,s16,,s4,,,s23,,,s30,,,s2,s1,s24,s17,s20,s10,,
186,,,s92,,s87,s86,,s308,s89,,s90,,,,,,,,,s307,,,,,s91,,,s84,,,s120,,,,,,,s8,,s82,,,,,,,,,s83,,,,,,,s79,s77,s85,,,s75,,,,s81,,,s76,,,,,,,,,,,,s74,,,,s9,,,,,,s80,s306,,s78,,,,,,,,,,,,s10,,
187,r200,,,,,s185,,,,,,,,,,,,,s186,,,,,,,,,,,,,,,,,,,,,,,,,,,,,,,,,,,,,,,,,,,,,,,,,,,,,,,,,,,,,,,,,,,,,,,,,,,,,,,,,,,,,,,,
188,r197,,,,,,,,,,,,,,,,,,,,,,,,,,,,,,,,,,,,,,,,,,,,,,,,,,,,,,,,,,,,,,,,,,,,,,,,,,,,,,,,,,,,,,,,,,,,,,,,,,,,,,,,,,
189,r201,,,,,s312,,,,,,,,,,,,,s313,,,,,,,,,,,,,,,,,,,,,,,,,,,,,,,,,,,,,,,,,,,,,,,,,,,,,,,,,,,,,,,,,,,,,,,,,,,,,,,,,,,,,,,,
190,r141,,,,,,,,,,,,,,,,,,,,,,,,,,,,,,,,,,,,,,,,,,,,,,,,,,,,,,,,,,,,,,,,,,,,,,,,,,,,,,,,,,,,,,,,,,,,,,,,,,,,,,,,,,
191,r164,,,,,,,,,,,,,,,,,,,,,,,,,,,,,,,,,,,,,,,,,,,,,,,,,,,,,,,,,,,,,,,,,,,,,,,,,,,,,,,,,,,,,,,,,,,,,,,,,,,,,,,,,,
192,r157,,,,,,,,,,,,,,,,,,,,,,,,,,,,,,,,,,,,,,,,,,,,,,,,,,,,,,,,,,,,,,,,,,,,,,,,,,,,,,,,,,,,,,,,,,,,,,,,,,,,,,,,,,
193,,,,,,,,,,,,,,,,,,,,,,,,,,,,,,,,,,,,,,,,,,,,,,,,,,,,,,,,,,,,,,,,,,,,,,,,,,,,,,,,,,,,,,,,,,,,,s314,,,,,,,,,,,,,,
194,r169,,,,,,,,,,,,,,,,,,,,,,,,,,,,,,,,,,,,,,,,,,,,,,,,,,,,,,,,,,,,,,,,,,,,,,,,,,,,,,,,,,,,,,,,,,,,,,,,,,,,,,,,,,
195,r187,,,,,,,,,,,,,,,,,,,,,,,,,,,,,,,,,,,,,,,,,,,,,,,,,,,,,,,,,,,,,,,,,,,,,,,,,,,,,,,,,,,,,,,,,,,,,,,,,,,,,,,,,,
196,r182,,,,,,,,,,,,,,,,,,,,,,,,,,,,,,,,,,,,,,,,,,,,,,,,,,,,,,,,,,,,,,,,,,,,,,,,,,,,,,,,,,,,,,,,,,,,,,,,,,,,,,,,,,
197,r104,,,,,,,,,,,,,,,,,,,,,,,,,,,,,,,,,,,,,,,,,,,,,,,,,,,,,,,,,,,,,,,,,,,,,,,,,,,,,,,,,,,,,,,,,,,,,,,,,,,,,,,,,,
198,r106,,,,,,,,,,,,,,,,s127,,,,,,,,,,,,,,,,,,,,,,,,,,,,,,,,,,,,,,,,,,,,,,,,,,,,,,,,,,,,,,,,,,,,,,,,,,,,,,,,,,,,,,,,,,
199,,,,,,,,,,,,,,,s315,,,,,,,,,,,,,,,,,,,,,,,,,,,,,,,,,,,,,,,,,,,,,,,,,,,,,,,,,,,,,,,,,,,,,,,,,,,,,,,,,,,,,,,,,,,,
200,,,,,,,,,,,,,,,,,,,,,,s126,,,,,,,,,,,,,,,,,,,,,,,,,,,,,,,,,,,,,,,,,,,,,,,,,,,,,,,,,,,,,,,,,,,,,,,,,,,,,,,,,,,,,
201,,,,,,s317,,,,,,,,,,,,,,,,,,,,,,,,,,,,,,,,,,,,,,,,,,,,,,,,,,,,,,,,,,,,,,,,,,,,,,,,,,,,,,,,,,,,,,,,,,,,,,,,,,,,,
202,r1,,,,,,,,,,,,,s318,,,,,,,,,,,,,,,,,,,,,,,,,,,,,,,,,,,,,,,,,,,,,,,,,,,,,,,,,,,,,,,,,,,,,,,,,,,,,,,,,,,,,,,,,,,,,
203,,,s92,,s87,s86,,s88,s89,,s90,,,,,,,,,,,,,,s91,,,s84,,,,,,,,,,,,s82,,,,,,,,,s83,,,,,,,s79,s77,s85,,,s75,,,,s81,,,s76,,,,,,,,,,,,s74,,,,,,,,,,s80,,,s78,,,,,,,,,,,,,,
204,,,,,,,,,,,,,,s320,,,,,,,,,,,,,,,,,,,,,,,,,,,,,,,,,,,,,,,,,,,,,,,,,,,,,,,,,,,,,,,,,,,,,,,,,,,,,,,,,,,,,,,,,,,,,
205,,,,,,s321,,,,,,,,,,,,,,,,,,,,,,,,,,,,,,,,,,,,,,,,,,,,,,,,,,,,,,,,,,,,,,,,,,,,,,,,,,,,,,,,,,,,,,,,,,,,,,,,,,,,,
206,,,,,,s322,,,,,,,,,,,,,,,,,,,,,,,,,,,,,,,,,,,,,,,,,,,,,,,,,,,,,,,,,,,,,,,,,,,,,,,,,,,,,,,,,,,,,,,,,,,,,,,,,,,,,
207,,,,,,s323,,,,,,,,,,,,,,,,,,,,,,,,,,,,,,,,,,,,,,,,,,,,,,,,,,,,,,,,,,,,,,,,,,,,,,,,,,,,,,,,,,,,,,,,,,,,,,,,,,,,,
208,,,s92,,s87,s86,,s88,s89,,s90,,,,s215,,,,,,,s126,,,s91,,,s84,,,,,,s212,s203,,,,s211,s82,s204,,s208,,,,,,s83,,,,,s209,s201,s79,s77,s85,,s210,s202,s205,,,s81,,,s76,,,,,,,,,,,s199,s74,,,,,s213,,,,,s80,,,s78,,,s206,,,s200,,,,,,,s207,
209,,,,,,s325,,,,,,,,,,,,,,,,,,,,,,,,,,,,,,,,,,,,,,,,,,,,,,,,,,,,,,,,,,,,,,,,,,,,,,,,,,,,,,,,,,,,,,,,,,,,,,,,,,,,,
210,,,,,,,,,,,,,,,,,,,,,,,,,,,,,,,,,,,,,,,,,,,,,,,,,,,,,,,,,,,,,s326,,,,,,,,,,,,,,,,,,,,,,,,,,,,,,,,,,,,,,,,,,,,,,
211,,,,,,,,,,,,,,,s327,,,,,,,,,,,,,,,,,,,,,,,,,,,,,,,,,,,,,,,,,,,,,,,,,,,,,,,,,,,,,,,,,,,,,,,,,,,,,,,,,,,,,,,,,,,,
212,,,,,,,,,,,,,,,s328,,,,,,,,,,,,,,,,,,,,,,,,,,,,,,,,,,,,,,,,,,,,,,,,,,,,,,,,,,,,,,,,,,,,,,,,,,,,,,,,,,,,,,,,,,,,
213,,,s92,,s87,s86,,s88,s89,,s90,,,,s329,,,,,,,,,,s91,,,s84,,,,,,,,,,,,s82,,,,,,,,,s83,,,,,,,s79,s77,s85,,,s75,,,,s81,,,s76,,,,,,,,,,,,s74,,,,,,,,,,s80,,,s78,,,,,,,,,,,,,,
214,r248,,,,,,,,,,,,,,,,,,,,,,,,,,,,,,,,,,,,,,,,,,,,,,,,,,,,,,,,,,,,,,,,,,,,,,,,,,,,,,,,,,,,,,,,,,,,,,,,,,,,,,,,,,
215,r254,,,,,,,,,,,,,,,,,,,,,,,,,,,,,,,,,,,,,,,,,,,,,,,,,,,,,,,,,,,,,,,,,,,,,,,,,,,,,,,,,,,,,,,,,,,,,,,,,,,,,,,,,,
216,,,,,,,,,,s276,,,,,s331,,,,,,,,,,,,,,,,,,,,,,,,,,,,,,,,,,,,,,,,,,,,,,,,,,,,,,,,,,,,,,,,,,,,,,,,,,,,,,,,,,,,,,,,,,,,
217,r252,,,,,,,,,,,,,,,,,,,,,,,,,,,,,,,,,,,,,,,,,,,,,,,,,,,,,,,,,,,,,,,,,,,,,,,,,,,,,,,,,,,,,,,,,,,,,,,,,,,,,,,,,,
218,r243,,,,,,,,,,,,,,,,,,,,,,,,,,,,,,,,,,,,,,,,,,,,,,,,,,,,,,,,,,,,,,,,,,,,,,,,,,,,,,,,,,,,,,,,,,,,,,,,,,,,,,,,,,
219,r253,,,,,,,,,,,,,,,,,,,,,,,,,,,,,,,,,,,,,,,,,,,,,,,,,,,,,,,,,,,,,,,,,,,,,,,,,,,,,,,,,,,,,,,,,,,,,,,,,,,,,,,,,,
220,r237,,,,,,,,,,,,,,,,,,,,,,,,,,,,,,,,,,,,,,,,,,,,,,,,,,,,,,,,,,,,,,,,,,,,,,,,,,,,,,,,,,,,,,,,,,,,,,,,,,,,,,,,,,
221,r238,,,,,,,,,,,,,,,,,,,,,,,,,,,,,,,,,,,,,,,,,,,,,,,,,,,,,,,,,,,,,,,,,,,,,,,,,,,,,,,,,,,,,,,,,,,,,,,,,,,,,,,,,,
222,,,s92,,s87,s86,,s88,s89,,s90,,,,s215,,,,,,,s126,,s332,s91,,s26,s84,,,s27,s5,s11,s212,s203,s12,s21,s8,s211,s82,s204,,s208,s19,,,,s25,s83,,,s3,s18,s209,s201,s79,s77,s85,,s210,s202,s205,s22,,s81,s7,s14,s76,,,,s15,,,,s28,,,s199,s74,,,s6,s9,s213,,,s13,s16,s80,s4,s29,s78,s23,,s206,s30,,s200,s2,s1,s24,s17,s20,s10,s207,
223,r250,,,,,,,,,,,,,,,,,,,,,,,,,,,,,,,,,,,,,,,,,,,,,,,,,,,,,,,,,,,,,,,,,,,,,,,,,,,,,,,,,,,,,,,,,,,,,,,,,,,,,,,,,,
224,r239,,,,,,,,,,,,,,,,,,,,,,,,,,,,,,,,,,,,,,,,,,,,,,,,,,,,,,,,,,,,,,,,,,,,,,,,,,,,,,,,,,,,,,,,,,,,,,,,,,,,,,,,,,
225,r240,,,,,,,,,,,,,,,,,,,,,,,,,,,,,,,,,,,,,,,,,,,,,,,,,,,,,,,,,,,,,,,,,,,,,,,,,,,,,,,,,,,,,,,,,,,,,,,,,,,,,,,,,,
226,r241,,,,,,,,,,,,,,,,,,,,,,,,,,,,,,,,,,,,,,,,,,,,,,,,,,,,,,,,,,,,,,,,,,,,,,,,,,,,,,,,,,,,,,,,,,,,,,,,,,,,,,,,,,
227,r242,,,,,,,,,,,,,,,,,,,,,,,,,,,,,,,,,,,,,,,,,,,,,,,,,,,,,,,,,,,,,,,,,,,,,,,,,,,,,,,,,,,,,,,,,,,,,,,,,,,,,,,,,,
228,,,s92,,s87,s86,,s88,s89,,s90,s335,,,,,,,s334,,,s228,,,s91,,,s84,,,,,,,,,,,,s82,,,,,,,,,s83,,,,,,,s79,s77,s85,,,s75,,,,s81,,,s76,,,,,,,,,,,,s74,,,,,,,,,,s80,,,s78,,,,,,,,,,,,,,
229,r225,,,,,,,,,,,,,,,,,,,,,,,,,,,,,,,,,,,,,,,,,,,,,,,,,,,,,,,,,,,,,,,,,,,,,,,,,,,,,,,,,,,,,,,,,,,,,,,,,,,,,,,,,,
230,r105,,,,,,,,,,,,,,,,,,,,,,,,,,,,,,,,,,,,,,,,,,,,,,,,,,,,,,,,,,,,,,,,,,,,,,,,,,,,,,,,,,,,,,,,,,,,,,,,,,,,,,,,,,
231,r285,,,,,,,,,,,,,,,,,,,,,,,,,,,,,,,,,,,,,,,,,,,,,,,,,,,,,,,,,,,,,,,,,,,,,,,,,,,,,,,,,,,,,,,,,,,,,,,,,,,,,,,,,,
232,r282,,,,,,,,,,,,,,,,,,,,,,,,,,,,,,,,,,,,,,,,,,,,,,,,,,,,,,,,,,,,,,,,,,,,,,,,,,,,,,,,,,,,,,,,,,,,,,,,,,,,,,,,,,
233,r195,,,,,,,,,,,,,,,,,,,,,,,,,,,,,,,,,,,,,,,,,,,,,,,,,,,,,,,,,,,,,,,,,,,,,,,,,,,,,,,,,,,,,,,,,,,,,,,,,,,,,,,,,,
234,r180,,,,,,,,,,,,,,,,,,,,,,,,,,,,,,,,,,,,,,,,,,,,,,,,,,,,,,,,,,,,,,,,,,,,,,,,,,,,,,,,,,,,,,,,,,,,,,,,,,,,,,,,,,
235,r194,,,,,s341,,s53,,,,,,,,,,,s186,,,,,,,,,,,,,,,,,,,,,,,,,,,,,,,,,,,,,,,,,,s51,,,,,,,,,,,,,,,,,,,,,,,,,,,,,,,,,,,,,,,,,,,,,,
236,,,,,,,s345,,,,,,,,,,,,,,,,,,,,,,,,,,,,,,,,,,,,,,,,,,,,,,,,,,,,,,,,,,,,,,,,,,,,,,,,,,,,,,,,,,,,,,,,,,,,,,,,,,,,
237,r189,,,,,,,,,s346,,,,,,,,,,,,,,,,,,,,,,,,,,,,,,,,,,,,,,,,,,,,,,,,,,,,,,,,,,,,,,,,,,,,,,,,,,,,,,,,,,,,,,,,,,,,,,,,,
238,r190,,,,,,,,,,,,,,,,,,,,,,,,,,,,,,,,,,,,,,,,,,,,,,,,,,,,,,,,,,,,,,,,,,,,,,,,,,,,,,,,,,,,,,,,,,,,,,,,,,,,,,,,,,
239,,,,,,,s348,,,s347,,,,,,,,,,,,,,,,,,,,,,,,,,,,,,,,,,,,,,,,,,,,,,,,,,,,,,,,,,,,,,,,,,,,,,,,,,,,,,,,,,,,,,,,,,,,,,,,,
240,,,s92,,s87,s86,,s88,s89,,s90,,,,,,,,,,,,,,s91,,,s84,,,s120,,,,,,,s8,,s82,,,,,,,,,s83,,,,,,,s79,s77,s85,,,s75,,,,s81,,,s76,,,,,,,,,,,,s74,,,,s9,,,,,,s80,,,s78,,,,,,,,,,,,s10,,
241,r170,,,,,,,,,,,,,,,,,,,,,,,,,,,,,,,,,,,,,,,,,,,,,,,,,,,,,,,,,,,,,,,,,,,,,,,,,,,,,,,,,,,,,,,,,,,,,,,,,,,,,,,,,,
242,r37,,,,,,,,,,,,,,,,,,,s351,,,,,,,,,,,,,,,,,,,,,,,,,,,,,,,,,,,,,,,,,,,,,,,,,,,,,,,,,,,,,,,,,,,,,,,,,,,,,,,,,,,,,,,
243,,,,,,,,,,,,,,,,,,,,s352,,,,,,,,,,,,,,,,,,,,,,,,,,,,,,,,,,,,,,,,,,,,,,,,,,,,,,,,,,,,,,,,,,,,,,,,,,,,,,,,,,,,,,,
244,,,s92,,s87,s86,,s355,s89,,s90,,,,,,,,,s354,,,,,s91,,,s84,,,s120,,,,,,,s8,,s82,,,,,,,,,s83,,,,,,,s79,s77,s85,,,s75,,,,s81,,,s76,,,,,,,,,,,,s74,,,,s9,,,,,,s80,s353,,s78,,,,,,,,,,,,s10,,
245,,,,,,,,,,,,,,,,,,,,,,,,s357,,,,,,,s27,,s11,,,s12,s21,s8,,,,,,s19,,,,s25,,,,,s18,,,,,,,,,,s22,,,,s14,,,,,s15,,,,,,,,,,,,s9,,,,s13,s16,,,s29,,s23,,,,,,,s1,s24,s17,s20,s10,,
246,r129,,,,,,,,,,,,,,,,,,,,,,,,,,,,,,,,,,,,,,,,,,,,,,,,,,,,,,,,,,,,,,,,,,,,,,,,,,,,,,,,,,,,,,,,,,,,,,,,,,,,,,,,,,
247,r135,,,,,,,,,,,,,,,,,,,,,,,,,,,,,,,,,,,,,,,,,,,,,,,,,,,,,,,,,,,,,,,,,,,,,,,,,,,,,,,,,,,,,,,,,,,,,,,,,,,,,,,,,,
248,,,s92,,s87,s86,,s88,s89,,s90,,,,,,,,,,,,,,s91,,,s84,,,,,,,,,,,,s82,,,,,,,,,s83,,,,,,,s79,s77,s85,,,s75,,,,s81,,,s76,,,,,,,,,,,,s74,,,,,,,,,,s80,,,s78,,,,,,,,,,,,,,
249,r136,,,,,,,,,,,,,,,,,,,,,,,,,,,,,,,,,,,,,,,,,,,,,,,,,,,,,,,,,,,,,,,,,,,,,,,,,,,,,,,,,,,,,,,,,,,,,,,,,,,,,,,,,,
250,,,,,,,,,,s359,,,,,s360,,,,,,,,,,,,,,,,,,,,,,,,,,,,,,,,,,,,,,,,,,,,,,,,,,,,,,,,,,,,,,,,,,,,,,,,,,,,,,,,,,,,,,,,,,,,
251,r143,,,,,,,,,,,,,,,,,,,,,,,,,,,,,,,,,,,,,,,,,,,,,,,,,,,,,,,,,,,,,,,,,,,,,,,,,,,,,,,,,,,,,,,,,,,,,,,,,,,,,,,,,,
252,r147,,,,,,,,,,,,,s361,,,,,,,,,,,,,,,,,,,,,,,,,,,,,,,,,,,,,,,,,,,,,,,,,,,,,,,,,,,,,,,,,,,,,,,,,,,,,,,,,,,,,,,,,,,,,
253,,,,,,,,,,,,,,,,,,,,,,,,s362,,,,,,,,,,,,,,,,,,,,,,,,,,,,,,,,,,,,,s70,,,,,,,,,,,,,,,,,,,,,,,,,,,,,,,,,,,,,,,,,,,,,,
254,r150,,,,,,,,,,,,,,,,,,,,,,,,,,,,,,,,,,,,,,,,,,,,,,,,,,,,,,,,,,,,,,,,,,,,,,,,,,,,,,,,,,,,,,,,,,,,,,,,,,,,,,,,,,
255,r155,,,,,,,,,,,,,,,,,,,,,,,,,,,,,,,,,,,,,,,,,,,,,,,,,,,,,,,,,,,,,,,,,,,,,,,,,,,,,,,,,,,,,,,,,,,,,,,,,,,,,,,,,,
256,r149,,,,,,,,,,,,,,,,,,,,,,,,,,,,,,,,,,,,,,,,,,,,,,,,,,,,,,,,,,,,,,,,,,,,,,,,,,,,,,,,,,,,,,,,,,,,,,,,,,,,,,,,,,
257,r154,,,,,,,,,,,,,,,,,,,,,,,,,,,,,,,,,,,,,,,,,,,,,,,,,,,,,,,,,,,,,,,,,,,,,,,,,,,,,,,,,,,,,,,,,,,,,,,,,,,,,,,,,,
258,r27,,,,,,,,,,,,,,,,,,,,,,,,,,,,,,,,,,,,,,,,,,,,,,,,,,,,,,,,,,,,,,,,,,,,,,,,,,,,,,,,,,,,,,,,,,,,,,,,,,,,,,,,,,
259,,,,,,,s363,,,s276,,,,,,,,,,,,,,,,,,,,,,,,,,,,,,,,,,,,,,,,,,,,,,,,,,,,,,,,,,,,,,,,,,,,,,,,,,,,,,,,,,,,,,,,,,,,,,,,,
260,,,,,,,s364,,,,,,,,,,,,,,,,,,,,,,,,,,,,,,,,,,,,,,,,,,,,,,,,,,,,,,,,,,,,,,,,,,,,,,,,,,,,,,,,,,,,,,,,,,,,,,,,,,,,
261,,,,,,,s365,,,,,,,,,,,,,,,,,,,,,,,,,,,,,,,,,,,,,,,,,,,,,,,,,,,,,,,,,,,,,,,,,,,,,,,,,,,,,,,,,,,,,,,,,,,,,,,,,,,,
262,,,,,,,s366,,,,,,,,,,,,,,,,,,,,,,,,,,,,,,,,,,,,,,,,,,,,,,,,,,,,,,,,,,,,,,,,,,,,,,,,,,,,,,,,,,,,,,,,,,,,,,,,,,,,
263,,,,,,,,,,s367,,,,,,,,,,,,,,,,,,,,,,,,,,,,,,,,,,,,,,,,,,,,,,,,,,,,,,,,,,,,,,,,,,,,,,,,,,,,,,,,,,,,,,,,,,,,,,,,,
264,r77,,,,,,,,,,,,,,,,,,,,,,,,,,,,,,,,,,,,,,,,,,,,,,,,,,,,,,,,,,,,,,,,,,,,,,,,,,,,,,,,,,,,,,,,,,,,,,,,,,,,,,,,,,
265,r78,,,,,,,,,,,,,,,,,,,,,,,,,,,,,,,,,,,,,,,,,,,,,,,,,,,,,,,,,,,,,,,,,,,,,,,,,,,,,,,,,,,,,,,,,,,,,,,,,,,,,,,,,,
266,r79,,,,,,,,,,,,,,,,,,,,,,,,,,,,,,,,,,,,,,,,,,,,,,,,,,,,,,,,,,,,,,,,,,,,,,,,,,,,,,,,,,,,,,,,,,,,,,,,,,,,,,,,,,
267,r80,,,,,,,,,,,,,,,,,,,,,,,,,,,,,,,,,,,,,,,,,,,,,,,,,,,,,,,,,,,,,,,,,,,,,,,,,,,,,,,,,,,,,,,,,,,,,,,,,,,,,,,,,,
268,r81,,,,,,,,,,,,,,,,,,,,,,,,,,,,,,,,,,,,,,,,,,,,,,,,,,,,,,,,,,,,,,,,,,,,,,,,,,,,,,,,,,,,,,,,,,,,,,,,,,,,,,,,,,
269,r82,,,,,,,,,,,,,,,,,,,,,,,,,,,,,,,,,,,,,,,,,,,,,,,,,,,,,,,,,,,,,,,,,,,,,,,,,,,,,,,,,,,,,,,,,,,,,,,,,,,,,,,,,,
270,r83,,,,,,,,,,,,,,,,,,,,,,,,,,,,,,,,,,,,,,,,,,,,,,,,,,,,,,,,,,,,,,,,,,,,,,,,,,,,,,,,,,,,,,,,,,,,,,,,,,,,,,,,,,
271,r84,,,,,,,,,,,,,,,,,,,,,,,,,,,,,,,,,,,,,,,,,,,,,,,,,,,,,,,,,,,,,,,,,,,,,,,,,,,,,,,,,,,,,,,,,,,,,,,,,,,,,,,,,,
272,r85,,,,,,,,,,,,,,,,,,,,,,,,,,,,,,,,,,,,,,,,,,,,,,,,,,,,,,,,,,,,,,,,,,,,,,,,,,,,,,,,,,,,,,,,,,,,,,,,,,,,,,,,,,
273,r86,,,,,,,,,,,,,,,,,,,,,,,,,,,,,,,,,,,,,,,,,,,,,,,,,,,,,,,,,,,,,,,,,,,,,,,,,,,,,,,,,,,,,,,,,,,,,,,,,,,,,,,,,,
274,r76,,,,,,,,,,,,,,,,,,,,,,,,,,,,,,,,,,,,,,,,,,,,,,,,,,,,,,,,,,,,,,,,,,,,,,,,,,,,,,,,,,,,,,,,,,,,,,,,,,,,,,,,,,
275,,,s92,,s87,s86,,s88,s89,,s90,,,,,,,,,,,,,,s91,,,s84,,,,,,,,,,,,s82,,,,,,,,,s83,,,,,,,s79,s77,s85,,,s75,,,,s81,,,s76,,,,,,,,,,,,s74,,,,,,,,,,s80,,,s78,,,,,,,,,,,,,,
276,,,s92,,s87,s86,,s88,s89,,s90,,,,,,,,,,,,,,s91,,,s84,,,,,,,,,,,,s82,,,,,,,,,s83,,,,,,,s79,s77,s85,,,s75,,,,s81,,,s76,,,,,,,,,,,,s74,,,,,,,,,,s80,,,s78,,,,,,,,,,,,,,
277,r4,,,,,,,,,,,,,,,,,,,,,,,,,,,,,,,,,,,,,,,,,,,,,,,,,,,,,,,,,,,,,,,,,,,,,,,,,,,,,,,,,,,,,,,,,,,,,,,,,,,,,,,,,,
278,,,s92,,s87,s86,,s88,s89,,s90,,,,,,,,,,,s370,,,s91,,,s84,,,,,,,,,,,,s82,,,,,,,,,s83,,,,,,,s79,s77,s85,,,s75,,,,s81,,,s76,,,,,,,,,,,,s74,,,,,,,,,,s80,,,s78,,,,,,,,,,,,,,
279,r22,,,,,,,,,,,,,,,,,,,,,,,,,,,,,,,,,,,,,,,,,,,,,,,,,,,,,,,,,,,,,,,,,,,,,,,,,,,,,,,,,,,,,,,,,,,,,,,,,,,,,,,,,,
280,r19,,,,,,,,,,,,,,,,,,,,,,,,,,,,,,,,,,,,,,,,,,,,,,,,,,,,,,,,,,,,,,,,,,,,,,,,,,,,,,,,,,,,,,,,,,,,,,,,,,,,,,,,,,
281,,,,,,,s372,,,s276,,,,,,,,,,,,,,,,,,,,,,,,,,,,,,,,,,,,,,,,,,,,,,,,,,,,,,,,,,,,,,,,,,,,,,,,,,,,,,,,,,,,,,,,,,,,,,,,,
282,,,,,,,,,,s276,,,,,,,,,,s373,,,,,,,,,,,,,,,,,,,,,,,,,,,,,,,,,,,,,,,,,,,,,,,,,,,,,,,,,,,,,,,,,,,,,,,,,,,,,,,,,,,,,,,
283,r21,,,,,,,,,,,,,,,,,,,,,,,,,,,,,,,,,,,,,,,,,,,,,,,,,,,,,,,,,,,,,,,,,,,,,,,,,,,,,,,,,,,,,,,,,,,,,,,,,,,,,,,,,,
284,r45,,,,,,,,,,,,,,,,,,,,,,,,,,,,,,,,,,,,,,,,,,,,,,,,,,,,,,,,,,,,,,,,,,,,,,,,,,,,,,,,,,,,,,,,,,,,,,,,,,,,,,,,,,
285,r46,,,,,,,,,,,,,,,,,,,,,,,,,,,,,,,,,,,,,,,,,,,,,,,,,,,,,,,,,,,,,,,,,,,,,,,,,,,,,,,,,,,,,,,,,,,,,,,,,,,,,,,,,,
286,r47,,,,,,,,,,,,,,,,,,,,,,,,,,,,,,,,,,,,,,,,,,,,,,,,,,,,,,,,,,,,,,,,,,,,,,,,,,,,,,,,,,,,,,,,,,,,,,,,,,,,,,,,,,
287,r49,,,s166,,,,s164,,,,,s165,,,,,,,,,,,,,,,,,,,,,,,,,,,,,,,,,,,,,,,,,,,,,,,,,,,,,,,,,,,,,,,,,,,,,,,,,,,,,,,,,,,,,,,,,,,,,,
288,r50,,,s166,,,,s164,,,,,s165,,,,,,,,,,,,,,,,,,,,,,,,,,,,,,,,,,,,,,,,,,,,,,,,,,,,,,,,,,,,,,,,,,,,,,,,,,,,,,,,,,,,,,,,,,,,,,
289,r52,,,,,,,,s167,,s168,,,,,,,,,,,,,,,,,,,,,,,,,,,,,,,,,,,,,,,,,,,,,,,,,,,,,,,,,,,,,,,,,,,,,,,,,,,,,,,,,,,,,,,,,,,,,,,,
290,r53,,,,,,,,s167,,s168,,,,,,,,,,,,,,,,,,,,,,,,,,,,,,,,,,,,,,,,,,,,,,,,,,,,,,,,,,,,,,,,,,,,,,,,,,,,,,,,,,,,,,,,,,,,,,,,
291,r57,,,,,,,,,,,,,,,,,,,,,,,,,,,,,,,,,,,,,,,,,,,,,,,,,,,,,,,,,,,,,,,,,,,,,s169,,,,,,,,,,,,,,,,,s170,,,,,,,,,,,,,,,,,,,,
292,r58,,,,,,,,,,,,,,,,,,,,,,,,,,,,,,,,,,,,,,,,,,,,,,,,,,,,,,,,,,,,,,,,,,,,,s169,,,,,,,,,,,,,,,,,s170,,,,,,,,,,,,,,,,,,,,
293,r59,,,,,,,,,,,,,,,,,,,,,,,,,,,,,,,,,,,,,,,,,,,,,,,,,,,,,,,,,,,,,,,,,,,,,s169,,,,,,,,,,,,,,,,,s170,,,,,,,,,,,,,,,,,,,,
294,r55,,,,,,,,,,,,,,,,,,,,,,,,,,,,,,,,,,,,,,,,,,,,,,,,,,,,,,,,,,,,,,,,,,,,,s169,,,,,,,,,,,,,,,,,s170,,,,,,,,,,,,,,,,,,,,
295,r56,,,,,,,,,,,,,,,,,,,,,,,,,,,,,,,,,,,,,,,,,,,,,,,,,,,,,,,,,,,,,,,,,,,,,s169,,,,,,,,,,,,,,,,,s170,,,,,,,,,,,,,,,,,,,,
296,r61,,,,,,,,,,,,,,,s174,,s175,,,,,,,,,,,,,,,,,,,,,,,,,,,,,,,,,,,,,,,,,s172,,,,,,,,,,,,s171,,,,,,,,,,,,,,,,,,,,,,,,,,,s173,,,,,,,,,
297,r62,,,,,,,,,,,,,,,s174,,s175,,,,,,,,,,,,,,,,,,,,,,,,,,,,,,,,,,,,,,,,,s172,,,,,,,,,,,,s171,,,,,,,,,,,,,,,,,,,,,,,,,,,s173,,,,,,,,,
298,r64,,,,,,,,,,,,,,,,,,,,,,,,,,,,,,,,,,,,,,,,,,,,,,,,,s176,,,,,,,,,,,,,,,,,,,,,,,,,s177,,,,,,,,,,,,,,,,,,,,,,,,,,,,,,,,
299,r66,,,,s178,,,,,,,,,,,,,,,,,,,,,,,,,,,,,,,,,,,,,,,,,,,,,,,,,,,,,,,,,,,,,,,,,,,,,,,,,,,,,,,,,,,,,,,,,,,,,,,,,,,,,,
300,r68,,,,,,,,,,,,,,,,,,,,s179,,,,,,,,,,,,,,,,,,,,,,,,,,,,,,,,,,,,,,,,,,,,,,,,,,,,,,,,,,,,,,,,,,,,,,,,,,,,,,,,,,,,,,
301,r70,,,,,,,,,,,,,,,,,,,,,,s180,,,,,,,,,,,,,,,,,,,,,,,,,,,,,,,,,,,,,,,,,,,,,,,,,,,,,,,,,,,,,,,,,,,,,,,,,,,,,,,,,,,,
302,r72,,,,,,,,,,,,,,,,,,,,,,,,,,,,,s181,,,,,,,,,,,,,,,,,,,,,,,,,,,,,,,,,,,,,,,,,,,,,,,,,,,,,,,,,,,,,,,,,,,,,,,,,,,,,
303,r219,,,,,,,,,,,,,,,,,,,,,,,,,,,,,,,,,,,,,,,,,,,,,,,,,,,,,,,,,,,,,,,,,,,,,,,,,,,,,,,,,,,,,,,,,,,,,,,,,,,,,,,,,,
304,,,,,,,s374,,,,,,,,,,,,,,,,,,,,,,,,,,,,,,,,,,,,,,,,,,,,,,,,,,,,,,,,,,,,,,,,,,,,,,,,,,,,,,,,,,,,,,,,,,,,,,,,,,,,
305,,,,,,,s375,,,,,,,,,,,,,,,,,,,,,,,,,,,,,,,,,,,,,,,,,,,,,,,,,,,,,,,,,,,,,,,,,,,,,,,,,,,,,,,,,,,,,,,,,,,,,,,,,,,,
306,,,s92,,s87,s86,,s88,s89,,s90,,,,,,,,,,,,,,s91,,,s84,,,s120,,,,,,,s8,,s82,,,,,,,,,s83,,,,,,,s79,s77,s85,,,s75,,,,s81,,,s76,,,,,,,,,,,,s74,,,,s9,,,,,,s80,,,s78,,,,,,,,,,,,s10,,
307,r203,,,,,,,,,,,,,,,,,,,,,,,,,,,,,,,,,,,,,,,,,,,,,,,,,,,,,,,,,,,,,,,,,,,,,,,,,,,,,,,,,,,,,,,,,,,,,,,,,,,,,,,,,,
308,r37,,,,,,,,,,,,,,,,,,,s378,,,,,,,,,,,,,,,,,,,,,,,,,,,,,,,,,,,,,,,,,,,,,,,,,,,,,,,,,,,,,,,,,,,,,,,,,,,,,,,,,,,,,,,
309,,,,,,,,,,,,,,,,,,,,s379,,,,,,,,,,,,,,,,,,,,,,,,,,,,,,,,,,,,,,,,,,,,,,,,,,,,,,,,,,,,,,,,,,,,,,,,,,,,,,,,,,,,,,,
310,,,s92,,s87,s86,,s88,s89,,s90,,,,,,,,,s381,,,,,s91,,,s84,,,s120,,,,,,,s8,,s82,,,,,,,,,s83,,,,,,,s79,s77,s85,,,s75,,,,s81,,,s76,,,,,,,,,,,,s74,,,,s9,,,,,,s80,s380,,s78,,,,,,,,,,,,s10,,
311,r199,,,,,s312,,,,,,,,,,,,,s313,,,,,,,,,,,,,,,,,,,,,,,,,,,,,,,,,,,,,,,,,,,,,,,,,,,,,,,,,,,,,,,,,,,,,,,,,,,,,,,,,,,,,,,,
312,,,,,,,s383,,,,,,,,,,,,,,,,,,,,s26,,,,s27,s5,s11,,,s12,s21,s8,,,,,,s19,,,,s25,,,,s3,s18,,,,,,,,,,s22,,,s7,s14,,,,,s15,,,,s28,,,,,,,s6,s9,,,,s13,s16,,s4,,,s23,,,s30,,,s2,s1,s24,s17,s20,s10,,
313,,,s92,,s87,s86,,s387,s89,,s90,,,,,,,,,s386,,,,,s91,,,s84,,,s120,,,,,,,s8,,s82,,,,,,,,,s83,,,,,,,s79,s77,s85,,,s75,,,,s81,,,s76,,,,,,,,,,,,s74,,,,s9,,,,,,s80,s385,,s78,,,,,,,,,,,,s10,,
314,,,,,,,s390,,,,,,,,,,,,,,,,,,,,,,,,,,,,,,,,,,,,,,,,,,,,,,,,,,,,,,,,,,,,,,,,,,,,,,,,,,,,,,,,,,,,,,,,,,,,,,,,,,,,
315,r244,,,,,,,,,,,,,,,,,,,,,,,,,,,,,,,,,,,,,,,,,,,,,,,,,,,,,,,,,,,,,,,,,,,,,,,,,,,,,,,,,,,,,,,,,,,,,,,,,,,,,,,,,,
316,,,,,,,,,,,,,,,,,,,,,,,,,,,,,,,,,,,,,,,,,,,,,,,,,,,s391,,,,,,,,,,,,,,,,,,,,,,,,,,,,,,,,,,,,,,,,,,,,,,,,,,,,,,,,
317,,,,,,,,,,,,,,,,,,,,,,,,,,,,,,,,,,,,,,,,,,,,,,,,,,,,,,,,,,,,,s392,,,,,,,,,,,,,,,,,,,,,,,,,,,,,,,,,,,,,,,,,,,,,,
318,,,s92,,s87,s86,,s88,s89,,s90,,,,s215,,,,,,,s126,,,s91,,,s84,,,,,,s212,s203,,,,s211,s82,s204,,s208,,,,,,s83,,,,,s209,s201,s79,s77,s85,,s210,s202,s205,,,s81,,,s76,,,,,,,,,,,s199,s74,,,,,s213,,,,,s80,,,s78,,,s206,,,s200,,,,,,,s207,
319,,,,,,,,,,,,,,s394,,,,,,,,,,,,,,,,,,,,,,,,,,,,,,,,,,,,,,,,,,,,,,,,,,,,,,,,,,,,,,,,,,,,,,,,,,,,,,,,,,,,,,,,,,,,,
320,,,s92,,s87,s86,,s88,s89,,s90,,,,s215,,,,,,,s126,,,s91,,,s84,,,,,,s212,s203,,,,s211,s82,s204,,s208,,,,,,s83,,,,,s209,s201,s79,s77,s85,,s210,s202,s205,,,s81,,,s76,,,,,,,,,,,s199,s74,,,,,s213,,,,,s80,,,s78,,,s206,,,s200,,,,,,,s207,
321,,,s92,,s87,s86,,s88,s89,,s90,,,,,,,,,,,,,,s91,,,s84,,,,,,,,,,,,s82,,,,,,,,,s83,,,,,,,s79,s77,s85,,,s75,,,,s81,,,s76,,,,,,,,,,,,s74,,,,,,,,,,s80,,,s78,,,,,,,,,,,,,,
322,,,s92,,s87,s86,,s88,s89,,s90,,,,,,,,,,,,,,s91,,,s84,,,,,,,,,,,,s82,,,,,,,,,s83,,,,,,,s79,s77,s85,,,s75,,,,s81,,,s76,,,,,,,,,,,,s74,,,,,,,,,,s80,,,s78,,,,,,,,,,,,,,
323,,,s92,,s87,s86,,s88,s89,,s90,,,,,,,,,,,,,,s91,,,s84,,,,,,,,,,,,s82,,,,,,,,,s83,,,,,,,s79,s77,s85,,,s75,,,,s81,,,s76,,,,,,,,,,,,s74,,,,,,,,,,s80,,,s78,,,,,,,,,,,,,,
324,,,,,,,,,,,,,,,,,,,,,,,,,,,,,,,,,,,,,,,,,,,,,,,,,,,,,,,,,,,,,,,,,,,,,,,,,,,,,,,,,,,,,,,,,,,,,,,,,,,,,,,,,,s399,
325,,,s92,,s87,s86,,s88,s89,,s90,,,,s215,,,,,,,,,,s91,,s26,s84,,,s27,s5,s11,,,s12,s21,s8,,s82,,,,s19,,,,s25,s83,,,s3,s18,,,s79,s77,s85,,,s400,,s22,,s81,s7,s14,s76,,,,s15,,,,s28,,,,s74,,,s6,s9,,,,s13,s16,s80,s4,s29,s78,s23,,,s30,,,s2,s1,s24,s17,s20,s10,,
326,,,,,,,,,,,,,,,s403,,,,,,,,,,,,,,,,,,,,,,,,,,,,,,,,,,,,,,,,,,,,,,,,,,,,,,,,,,,,,,,,,,,,,,,,,,,,,,,,,,,,,,,,,,,,
327,r274,,,,,,,,,,,,,,,,,,,,,,,,,,,,,,,,,,,,,,,,,,,,,,,,,,,,,,,,,,,,,,,,,,,,,,,,,,,,,,,,,,,,,,,,,,,,,,,,,,,,,,,,,,
328,r275,,,,,,,,,,,,,,,,,,,,,,,,,,,,,,,,,,,,,,,,,,,,,,,,,,,,,,,,,,,,,,,,,,,,,,,,,,,,,,,,,,,,,,,,,,,,,,,,,,,,,,,,,,
329,r276,,,,,,,,,,,,,,,,,,,,,,,,,,,,,,,,,,,,,,,,,,,,,,,,,,,,,,,,,,,,,,,,,,,,,,,,,,,,,,,,,,,,,,,,,,,,,,,,,,,,,,,,,,
330,,,,,,,,,,s276,,,,,s404,,,,,,,,,,,,,,,,,,,,,,,,,,,,,,,,,,,,,,,,,,,,,,,,,,,,,,,,,,,,,,,,,,,,,,,,,,,,,,,,,,,,,,,,,,,,
331,r255,,,,,,,,,,,,,,,,,,,,,,,,,,,,,,,,,,,,,,,,,,,,,,,,,,,,,,,,,,,,,,,,,,,,,,,,,,,,,,,,,,,,,,,,,,,,,,,,,,,,,,,,,,
332,r249,,,,,,,,,,,,,,,,,,,,,,,,,,,,,,,,,,,,,,,,,,,,,,,,,,,,,,,,,,,,,,,,,,,,,,,,,,,,,,,,,,,,,,,,,,,,,,,,,,,,,,,,,,
333,r251,,,,,,,,,,,,,,,,,,,,,,,,,,,,,,,,,,,,,,,,,,,,,,,,,,,,,,,,,,,,,,,,,,,,,,,,,,,,,,,,,,,,,,,,,,,,,,,,,,,,,,,,,,
334,,,s92,,s87,s86,,s88,s89,,s90,,,,,,,,,,,,,,s91,,,s84,,,,,,,,,,,,s82,,,,,,,,,s83,,,,,,,s79,s77,s85,,,s75,,,,s81,,,s76,,,,,,,,,,,,s74,,,,,,,,,,s80,,,s78,,,,,,,,,,,,,,
335,,,,,,,,,,,,,,,,,,,,,,,,,,,,,,,,,,,,,,,,,,,,,,,,,,,,,,,,,,,,,s406,,,,,,,,,,,,,,,,,,,,,,,,,,,,,,,,,,,,,,,,,,,,,,
336,r227,,,,,,,,,,,,,,,,,,,,,,,,,,,,,,,,,,,,,,,,,,,,,,,,,,,,,,,,,,,,,,,,,,,,,,,,,,,,,,,,,,,,,,,,,,,,,,,,,,,,,,,,,,
337,,,,,,,,,,s407,,,,,,,,,,,,,,s408,,,,,,,,,,,,,,,,,,,,,,,,,,,,,,,,,,,,,,,,,,,,,,,,,,,,,,,,,,,,,,,,,,,,,,,,,,,,,,,,,,,
338,,,s92,,s87,s86,,s88,s89,,s90,,,,,,,,,,,s228,,,s91,,,s84,,,,,,,,,,,,s82,,,,,,,,,s83,,,,,,,s79,s77,s85,,,s75,,,,s81,,,s76,,,,,,,,,,,,s74,,,,,,,,,,s80,,,s78,,,,,,,,,,,,,,
339,,,,,,,,,,,,s335,,,,,s410,,s334,,,,,,,,,,,,,,,,,,,,,,,,,,,,,,,,,,,,,,,,,,,,,,,,,,,,,,,,,,,,,,,,,,,,,,,,,,,,,,,,,,,,,,,,
340,r231,,,,,,,,,,,,,,,,,,,,,,,,,,,,,,,,,,,,,,,,,,,,,,,,,,,,,,,,,,,,,,,,,,,,,,,,,,,,,,,,,,,,,,,,,,,,,,,,,,,,,,,,,,
341,,,,,,s341,s303,s53,,,,,,,,,,,s186,,,,,,,,s26,,,,s27,s5,s11,,,s12,s21,s8,,,,,,s19,,,,s25,,,,s3,s18,,,,,,,,s51,,s22,,,s7,s14,,,,,s15,,,,s28,,,,,,,s6,s9,,,,s13,s16,,s4,,,s23,,,s30,,,s2,s1,s24,s17,s20,s10,,
342,r192,,,,,,,,,,,,,,,,,,,,,,,,,,,,,,,,,,,,,,,,,,,,,,,,,,,,,,,,,,,,,,,,,,,,,,,,,,,,,,,,,,,,,,,,,,,,,,,,,,,,,,,,,,
343,r200,,,,,s341,,,,,,,,,,,,,s186,,,,,,,,,,,,,,,,,,,,,,,,,,,,,,,,,,,,,,,,,,s51,,,,,,,,,,,,,,,,,,,,,,,,,,,,,,,,,,,,,,,,,,,,,,
344,r193,,,,,,,,,,,,,,,,,,,,,,,,,,,,,,,,,,,,,,,,,,,,,,,,,,,,,,,,,,,,,,,,,,,,,,,,,,,,,,,,,,,,,,,,,,,,,,,,,,,,,,,,,,
345,r179,,,,,,,,,,,,,,,,,,,,,,,,,,,,,,,,,,,,,,,,,,,,,,,,,,,,,,,,,,,,,,,,,,,,,,,,,,,,,,,,,,,,,,,,,,,,,,,,,,,,,,,,,,
346,,,,,,,,,,,,,,,,,,,,,,,,,,,s26,,,,s27,s5,s11,,,s12,s21,s8,,,,,,s19,,s412,,s25,,,,s3,s18,,,,,,,,,,s22,,,s7,s14,,,,,s15,,,,s28,,,,,,,s6,s9,,,,s13,s16,,s4,,,s23,,,s30,,,s2,s1,s24,s17,s20,s10,,
347,,,,,,,,,,,,,,,,,,,,,,,,,,,,,,,,,,,,,,,,,,,,,,,,,,,,,,,,,,,,,s414,,,,,,,,,,,,,,,,,,,,,,,,,,,,,,,,,,,,,,,,,,,,,,
348,r181,,,,,,,,,,,,,,,,,,,,,,,,,,,,,,,,,,,,,,,,,,,,,,,,,,,,,,,,,,,,,,,,,,,,,,,,,,,,,,,,,,,,,,,,,,,,,,,,,,,,,,,,,,
349,,,,,,,,,,,,,,,,,,,,s415,,,,,,,,,,,,,,,,,,,,,,,,,,,,,,,,,,,,,,,,,,,,,,,,,,,,,,,,,,,,,,,,,,,,,,,,,,,,,,,,,,,,,,,
350,,,s92,,s87,s86,,s88,s89,,s90,,,,,,,,,,,,,,s91,,,s84,,,s120,,,,,,,s8,,s82,,,,,,,,,s83,,,,,,,s79,s77,s85,,,s75,,,,s81,,,s76,,,,,,,,,,,,s74,,,,s9,,,,,,s80,,,s78,,,,,,,,,,,,s10,,
351,r171,,,,,,,,,,,,,,,,,,,,,,,,,,,,,,,,,,,,,,,,,,,,,,,,,,,,,,,,,,,,,,,,,,,,,,,,,,,,,,,,,,,,,,,,,,,,,,,,,,,,,,,,,,
352,r178,,,,,,,,,,,,,,,,,,,,,,,,,,,,,,,,,,,,,,,,,,,,,,,,,,,,,,,,,,,,,,,,,,,,,,,,,,,,,,,,,,,,,,,,,,,,,,,,,,,,,,,,,,
353,,,s92,,s87,s86,,s88,s89,,s90,,,,,,,,,,,,,,s91,,,s84,,,,,,,,,,,,s82,,,,,,,,,s83,,,,,,,s79,s77,s85,,,s75,,,,s81,,,s76,,,,,,,,,,,,s74,,,,,,,,,,s80,,,s78,,,,,,,,,,,,,,
354,r177,,,,,,,,,,,,,,,,,,,,,,,,,,,,,,,,,,,,,,,,,,,,,,,,,,,,,,,,,,,,,,,,,,,,,,,,,,,,,,,,,,,,,,,,,,,,,,,,,,,,,,,,,,
355,r37,,,,,,,,,,,,,,,,,,,s418,,,,,,,,,,,,,,,,,,,,,,,,,,,,,,,,,,,,,,,,,,,,,,,,,,,,,,,,,,,,,,,,,,,,,,,,,,,,,,,,,,,,,,,
356,,,,,,,,,,,,,,,,,,,,s419,,,,,,,,,,,,,,,,,,,,,,,,,,,,,,,,,,,,,,,,,,,,,,,,,,,,,,,,,,,,,,,,,,,,,,,,,,,,,,,,,,,,,,,
357,r130,,,,,,,,,,,,,,,,,,,,,,,,,,,,,,,,,,,,,,,,,,,,,,,,,,,,,,,,,,,,,,,,,,,,,,,,,,,,,,,,,,,,,,,,,,,,,,,,,,,,,,,,,,
358,r145,,,,,,,,,,,,,,,,,,,,,,,,,,,,,,,,,,,,,,,,,,,,,,,,,,,,,,,,,,,,,,,,,,,,,,,,,,,,,,,,,,,,,,,,,,,,,,,,,,,,,,,,,,
359,,,,,,s52,,s53,,,,,,s248,,,,,,,,,,,,,,,,,,,,,,,,,,,,,,,,,,,,,,,,,,,,,,,s51,,,,,,,,,,,,,,,,,,,,,,,,,,,,,,,,,,,,,,,,,,,,,,
360,r137,,,,,,,,,,,,,,,,,,,,,,,,,,,,,,,,,,,,,,,,,,,,,,,,,,,,,,,,,,,,,,,,,,,,,,,,,,,,,,,,,,,,,,,,,,,,,,,,,,,,,,,,,,
361,,,s92,,s87,s86,,s88,s89,,s90,,,,,,,,,,,,,,s91,,,s84,,,,,,,,,,,,s82,,,,,,,,,s83,,,,,,,s79,s77,s85,,,s75,,,,s81,,,s76,,,,,,,,,,,,s74,,,,,,,,,,s80,,,s78,,,,,,,,,,,,,,
362,r151,,,,,,,,,,,,,,,,,,,,,,,,,,,,,,,,,,,,,,,,,,,,,,,,,,,,,,,,,,,,,,,,,,,,,,,,,,,,,,,,,,,,,,,,,,,,,,,,,,,,,,,,,,
363,r28,,,,,,,,,,,,,,,,,,,,,,,,,,,,,,,,,,,,,,,,,,,,,,,,,,,,,,,,,,,,,,,,,,,,,,,,,,,,,,,,,,,,,,,,,,,,,,,,,,,,,,,,,,
364,r34,,,,,,,,,,,,,,,,,,,,,s370,,,,,,,,,,,,,,,,,,,,,,,,,,,,,,,,,,,,,,,,,,,,,,,,,,,,,,,,,,,,,,,,,,,,,,,,,,,,,,,,,,,,,
365,,,,,,,,,,,,,,,,,,,,,,s370,,,,,,,,,,,,,,,,,,,,,,,,,,,,,,,,,,,,,,,,,,,,,,,,,,,,,,,,,,,,,,,,,,,,,,,,,,,,,,,,,,,,,
366,r35,,,,,,,,,,,,,,,,,,,,,,,,,,,,,,,,,,,,,,,,,,,,,,,,,,,,,,,,,,,,,,,,,,,,,,,,,,,,,,,,,,,,,,,,,,,,,,,,,,,,,,,,,,
367,,,,,,,,,,,,,,,,,,,,,,,,,,,,,,,s27,,s11,,,s12,s21,s8,,,s422,,,s19,,,,s25,,,,,s18,,,,,,,,,,s22,,,,s14,,,,,s15,,,,,,,,,,,,s9,,,,s13,s16,,,,,s23,,,,,,,s1,s24,s17,s20,s10,,
368,r75,,,,,,,,,,,,,,,,,,,,,,,,,,,,,,,,,,,,,,,,,,,,,,,,,,,,,,,,,,,,,,,,,,,,,,,,,,,,,,,,,,,,,,,,,,,,,,,,,,,,,,,,,,
369,r88,,,,,,,,,,,,,,,,,,,,,,,,,,,,,,,,,,,,,,,,,,,,,,,,,,,,,,,,,,,,,,,,,,,,,,,,,,,,,,,,,,,,,,,,,,,,,,,,,,,,,,,,,,
370,,,s92,,s87,s86,,s88,s89,,s90,s335,,,,,,,s334,,,s228,,,s91,,,s84,,,,,,,,,,,,s82,,,,,,,,,s83,,,,,,,s79,s77,s85,,,s75,,,,s81,,,s76,,,,,,,,,,,,s74,,,,,,,,,,s80,,,s78,,,,,,,,,,,,,,
371,r43,,,,,,,,,,,,,,,,,,,,,,,,,,,,,,,,,,,,,,,,,,,,,,,,,,,,,,,,,,,,,,,,,,,,,,,,,,,,,,,,,,,,,,,,,,,,,,,,,,,,,,,,,,
372,r20,,,,,,,,,,,,,,,,,,,,,,,,,,,,,,,,,,,,,,,,,,,,,,,,,,,,,,,,,,,,,,,,,,,,,,,,,,,,,,,,,,,,,,,,,,,,,,,,,,,,,,,,,,
373,r18,,,,,,,,,,,,,,,,,,,,,,,,,,,,,,,,,,,,,,,,,,,,,,,,,,,,,,,,,,,,,,,,,,,,,,,,,,,,,,,,,,,,,,,,,,,,,,,,,,,,,,,,,,
374,r220,,,,,,,,,,,,,,,,,,,,,,,,,,,,,,,,,,,,,,,,,,,,,,,,,,,,,,,,,,,,,,,,,,,,,,,,,,,,,,,,,,,,,,,,,,,,,,,,,,,,,,,,,,
375,r202,,,,,,,,,,,,,,,,,,,,,,,,,,,,,,,,,,,,,,,,,,,,,,,,,,,,,,,,,,,,,,,,,,,,,,,,,,,,,,,,,,,,,,,,,,,,,,,,,,,,,,,,,,
376,,,,,,,,,,,,,,,,,,,,s427,,,,,,,,,,,,,,,,,,,,,,,,,,,,,,,,,,,,,,,,,,,,,,,,,,,,,,,,,,,,,,,,,,,,,,,,,,,,,,,,,,,,,,,
377,,,s92,,s87,s86,,s88,s89,,s90,,,,,,,,,,,,,,s91,,,s84,,,s120,,,,,,,s8,,s82,,,,,,,,,s83,,,,,,,s79,s77,s85,,,s75,,,,s81,,,s76,,,,,,,,,,,,s74,,,,s9,,,,,,s80,,,s78,,,,,,,,,,,,s10,,
378,r204,,,,,,,,,,,,,,,,,,,,,,,,,,,,,,,,,,,,,,,,,,,,,,,,,,,,,,,,,,,,,,,,,,,,,,,,,,,,,,,,,,,,,,,,,,,,,,,,,,,,,,,,,,
379,r210,,,,,,,,,,,,,,,,,,,,,,,,,,,,,,,,,,,,,,,,,,,,,,,,,,,,,,,,,,,,,,,,,,,,,,,,,,,,,,,,,,,,,,,,,,,,,,,,,,,,,,,,,,
380,,,s92,,s87,s86,,s88,s89,,s90,,,,,,,,,,,,,,s91,,,s84,,,,,,,,,,,,s82,,,,,,,,,s83,,,,,,,s79,s77,s85,,,s75,,,,s81,,,s76,,,,,,,,,,,,s74,,,,,,,,,,s80,,,s78,,,,,,,,,,,,,,
381,r209,,,,,,,,,,,,,,,,,,,,,,,,,,,,,,,,,,,,,,,,,,,,,,,,,,,,,,,,,,,,,,,,,,,,,,,,,,,,,,,,,,,,,,,,,,,,,,,,,,,,,,,,,,
382,,,,,,,,,,,,,,,,,,,,s430,,,,,,,,,,,,,,,,,,,,,,,,,,,,,,,,,,,,,,,,,,,,,,,,,,,,,,,,,,,,,,,,,,,,,,,,,,,,,,,,,,,,,,,
383,r221,,,,,,,,,,,,,,,,,,,,,,,,,,,,,,,,,,,,,,,,,,,,,,,,,,,,,,,,,,,,,,,,,,,,,,,,,,,,,,,,,,,,,,,,,,,,,,,,,,,,,,,,,,
384,,,,,,,s431,,,,,,,,,,,,,,,,,,,,,,,,,,,,,,,,,,,,,,,,,,,,,,,,,,,,,,,,,,,,,,,,,,,,,,,,,,,,,,,,,,,,,,,,,,,,,,,,,,,,
385,,,s92,,s87,s86,,s88,s89,,s90,,,,,,,,,,,,,,s91,,,s84,,,s120,,,,,,,s8,,s82,,,,,,,,,s83,,,,,,,s79,s77,s85,,,s75,,,,s81,,,s76,,,,,,,,,,,,s74,,,,s9,,,,,,s80,,,s78,,,,,,,,,,,,s10,,
386,r211,,,,,,,,,,,,,,,,,,,,,,,,,,,,,,,,,,,,,,,,,,,,,,,,,,,,,,,,,,,,,,,,,,,,,,,,,,,,,,,,,,,,,,,,,,,,,,,,,,,,,,,,,,
387,r37,,,,,,,,,,,,,,,,,,,s434,,,,,,,,,,,,,,,,,,,,,,,,,,,,,,,,,,,,,,,,,,,,,,,,,,,,,,,,,,,,,,,,,,,,,,,,,,,,,,,,,,,,,,,
388,,,,,,,,,,,,,,,,,,,,s435,,,,,,,,,,,,,,,,,,,,,,,,,,,,,,,,,,,,,,,,,,,,,,,,,,,,,,,,,,,,,,,,,,,,,,,,,,,,,,,,,,,,,,,
389,,,s92,,s87,s86,,s88,s89,,s90,,,,,,,,,s437,,,,,s91,,,s84,,,s120,,,,,,,s8,,s82,,,,,,,,,s83,,,,,,,s79,s77,s85,,,s75,,,,s81,,,s76,,,,,,,,,,,,s74,,,,s9,,,,,,s80,s436,,s78,,,,,,,,,,,,s10,,
390,,,,,,,,,,,,,,,s439,,,,,,,,,,,,,,,,,,,,,,,,,,,,,,,,,,,,,,,,,,,,,,,,,,,,,,,,,,,,,,,,,,,,,,,,,,,,,,,,,,,,,,,,,,,,
391,,,,,,,,,,,,,,,,,,,,,,s126,,,,,,,,,,,,,,,,,,,,,,,,,,,,,,,,,,,,,,,,,,,,,,,,,,,,,,,,,,,,,,,,,,,,,,,,,,,,,,,,,,,,,
392,,,,,,,,,,,,,,,,,,,,,,,,,,,,,,,,,,,,,,,,,,,,,,,,,,,,,,,,,,,,,,,,s441,,,,,,,,,,,,,,,,,,,,,,,,,,,,,,,,,,,,,,,,,,,
393,r245,,,,,,,,,,,,,,,,,,,,,,,,,,,,,,,,,,,,,,,,,,,,,,,,,,,,,,,,,,,,,,,,,,,,,,,,,,,,,,,,,,,,,,,,,,,,,,,,,,,,,,,,,,
394,,,s92,,s87,s86,,s88,s89,,s90,,,,s215,,,,,,,s126,,,s91,,,s84,,,,,,s212,s203,,,,s211,s82,s204,,s208,,,,,,s83,,,,,s209,s201,s79,s77,s85,,s210,s202,s205,,,s81,,,s76,,,,,,,,,,,s199,s74,,,,,s213,,,,,s80,,,s78,,,s206,,,s200,,,,,,,s207,
395,r247,,,,,,,,,,,,,,,,,,,,,,,,,,,,,,,,,,,,,,,,,,,,,,,,,,,,,,,,,,,,,,,,,,,,,,,,,,,,,,,,,,,,,,,,,,,,,,,,,,,,,,,,,,
396,,,,,,,s443,,,s276,,,,,,,,,,,,,,,,,,,,,,,,,,,,,,,,,,,,,,,,,,,,,,,,,,,,,,,,,,,,,,,,,,,,,,,,,,,,,,,,,,,,,,,,,,,,,,,,,
397,,,,,,,s444,,,s276,,,,,,,,,,,,,,,,,,,,,,,,,,,,,,,,,,,,,,,,,,,,,,,,,,,,,,,,,,,,,,,,,,,,,,,,,,,,,,,,,,,,,,,,,,,,,,,,,
398,,,,,,,s445,,,s276,,,,,,,,,,,,,,,,,,,,,,,,,,,,,,,,,,,,,,,,,,,,,,,,,,,,,,,,,,,,,,,,,,,,,,,,,,,,,,,,,,,,,,,,,,,,,,,,,
399,,,,,,s446,,,,,,,,,,,,,,,,,,,,,,,,,,,,,,,,,,,,,,,,,,,,,,,,,,,,,,,,,,,,,,,,,,,,,,,,,,,,,,,,,,,,,,,,,,,,,,,,,,,,,
400,r1,,,,,,,,,,,,,,,,,,,,,,,,,,,,,,,,,,,,,,,,,,,,,,,,,,,,,,,,,,,,,,,s447,,,,,,,,,,,,,,,,,,,,,,,,,,,,,,,,,,,,,,,,,,,
401,,,s92,,s87,s86,,s88,s89,,s90,,,,s215,,,,,,,,,,s91,,,s84,,,,,,,,,,,,s82,,,,,,,,,s83,,,,,,,s79,s77,s85,,,s75,,,,s81,,,s76,,,,,,,,,,,,s74,,,,,,,,,,s80,,,s78,,,,,,,,,,,,,,
402,,,s92,,s87,s86,,s88,s89,,s90,,,,s215,,,,,,,,,,s91,,,s84,,,,,,,,,,,,s82,,,,,,,,,s83,,,,,,,s79,s77,s85,,,s75,,,,s81,,,s76,,,,,,,,,,,,s74,,,,,,,,,,s80,,,s78,,,,,,,,,,,,,,
403,r273,,,,,,,,,,,,,,,,,,,,,,,,,,,,,,,,,,,,,,,,,,,,,,,,,,,,,,,,,,,,,,,,,,,,,,,,,,,,,,,,,,,,,,,,,,,,,,,,,,,,,,,,,,
404,r277,,,,,,,,,,,,,,,,,,,,,,,,,,,,,,,,,,,,,,,,,,,,,,,,,,,,,,,,,,,,,,,,,,,,,,,,,,,,,,,,,,,,,,,,,,,,,,,,,,,,,,,,,,
405,,,,,,,,,,,,,,,,,,,,s450,,,,,,,,,,,,,,,,,,,,,,,,,,,,,,,,,,,,,,,,,,,,,,,,,,,,,,,,,,,,,,,,,,,,,,,,,,,,,,,,,,,,,,,
406,r234,,,,,,,,,,,,,,,,,,,,,,,,,,,,,,,,,,,,,,,,,,,,,,,,,,,,,,,,,,,,,,,,,,,,,,,,,,,,,,,,,,,,,,,,,,,,,,,,,,,,,,,,,,
407,,,s92,,s87,s86,,s88,s89,,s90,s335,,,,,,,s334,,,s228,,s451,s91,,,s84,,,,,,,,,,,,s82,,,,,,,,,s83,,,,,,,s79,s77,s85,,,s75,,,,s81,,,s76,,,,,,,,,,,,s74,,,,,,,,,,s80,,,s78,,,,,,,,,,,,,,
408,r223,,,,,,,,,,,,,,,,,,,,,,,,,,,,,,,,,,,,,,,,,,,,,,,,,,,,,,,,,,,,,,,,,,,,,,,,,,,,,,,,,,,,,,,,,,,,,,,,,,,,,,,,,,
409,r226,,,,,,,,,,,,,,,,,,,,,,,,,,,,,,,,,,,,,,,,,,,,,,,,,,,,,,,,,,,,,,,,,,,,,,,,,,,,,,,,,,,,,,,,,,,,,,,,,,,,,,,,,,
410,r230,,,,,,,,,,,,,,,,,,,,,,,,,,,,,,,,,,,,,,,,,,,,,,,,,,,,,,,,,,,,,,,,,,,,,,,,,,,,,,,,,,,,,,,,,,,,,,,,,,,,,,,,,,
411,r232,,,,,,,,,,,,,,,,,,,,,,,,,,,,,,,,,,,,,,,,,,,,,,,,,,,,,,,,,,,,,,,,,,,,,,,,,,,,,,,,,,,,,,,,,,,,,,,,,,,,,,,,,,
412,r188,,,,,,,,,,,,,,,,,,,,,,,,,,,,,,,,,,,,,,,,,,,,,,,,,,,,,,,,,,,,,,,,,,,,,,,,,,,,,,,,,,,,,,,,,,,,,,,,,,,,,,,,,,
413,r191,,,,,,,,,,,,,,,,,,,,,,,,,,,,,,,,,,,,,,,,,,,,,,,,,,,,,,,,,,,,,,,,,,,,,,,,,,,,,,,,,,,,,,,,,,,,,,,,,,,,,,,,,,
414,r196,,,,,,,,,,,,,,,,,,,,,,,,,,,,,,,,,,,,,,,,,,,,,,,,,,,,,,,,,,,,,,,,,,,,,,,,,,,,,,,,,,,,,,,,,,,,,,,,,,,,,,,,,,
415,r173,,,,,,,,,,,,,,,,,,,,,,,,,,,,,,,,,,,,,,,,,,,,,,,,,,,,,,,,,,,,,,,,,,,,,,,,,,,,,,,,,,,,,,,,,,,,,,,,,,,,,,,,,,
416,,,,,,,,,,,,,,,,,,,,s454,,,,,,,,,,,,,,,,,,,,,,,,,,,,,,,,,,,,,,,,,,,,,,,,,,,,,,,,,,,,,,,,,,,,,,,,,,,,,,,,,,,,,,,
417,,,,,,,,,,,,,,,,,,,,s455,,,,,,,,,,,,,,,,,,,,,,,,,,,,,,,,,,,,,,,,,,,,,,,,,,,,,,,,,,,,,,,,,,,,,,,,,,,,,,,,,,,,,,,
418,r174,,,,,,,,,,,,,,,,,,,,,,,,,,,,,,,,,,,,,,,,,,,,,,,,,,,,,,,,,,,,,,,,,,,,,,,,,,,,,,,,,,,,,,,,,,,,,,,,,,,,,,,,,,
419,r176,,,,,,,,,,,,,,,,,,,,,,,,,,,,,,,,,,,,,,,,,,,,,,,,,,,,,,,,,,,,,,,,,,,,,,,,,,,,,,,,,,,,,,,,,,,,,,,,,,,,,,,,,,
420,r144,,,,,,,,,,,,,,,,,,,,,,,,,,,,,,,,,,,,,,,,,,,,,,,,,,,,,,,,,,,,,,,,,,,,,,,,,,,,,,,,,,,,,,,,,,,,,,,,,,,,,,,,,,
421,r146,,,,,,,,,,,,,,,,,,,,,,,,,,,,,,,,,,,,,,,,,,,,,,,,,,,,,,,,,,,,,,,,,,,,,,,,,,,,,,,,,,,,,,,,,,,,,,,,,,,,,,,,,,
422,,,,,,,,,,,,,,s456,,,,,,,,,,,,,,,,,,,,,,,,,,,,,,,,,,,,,,,,,,,,,,,,,,,,,,,,,,,,,,,,,,,,,,,,,,,,,,,,,,,,,,,,,,,,,
423,,,,,,,s458,,,s457,,,,,,,,,,,,,,,,,,,,,,,,,,,,,,,,,,,,,,,,,,,,,,,,,,,,,,,,,,,,,,,,,,,,,,,,,,,,,,,,,,,,,,,,,,,,,,,,,
424,r13,,,,,,,,,,,,,,,,,,,,,,,,,,,,,,,,,,,,,,,,,,,,,,,,,,,,,,,,,,,,,,,,,,,,,,,,,,,,,,,,,,,,,,,,,,,,,,,,,,,,,,,,,,
425,,,,,,,,,,,,,,s459,,,,,,,,,,,,,,,,,,,,,,,,,,,,,,,,,,,,,,,,,,,,,,,,,,,,,,,,,,,,,,,,,,,,,,,,,,,,,,,,,,,,,,,,,,,,,
426,,,,,,,,,,s460,,,,,,,,,,,,,,s461,,,,,,,,,,,,,,,,,,,,,,,,,,,,,,,,,,,,,,,,,,,,,,,,,,,,,,,,,,,,,,,,,,,,,,,,,,,,,,,,,,,
427,r206,,,,,,,,,,,,,,,,,,,,,,,,,,,,,,,,,,,,,,,,,,,,,,,,,,,,,,,,,,,,,,,,,,,,,,,,,,,,,,,,,,,,,,,,,,,,,,,,,,,,,,,,,,
428,,,,,,,,,,,,,,,,,,,,s462,,,,,,,,,,,,,,,,,,,,,,,,,,,,,,,,,,,,,,,,,,,,,,,,,,,,,,,,,,,,,,,,,,,,,,,,,,,,,,,,,,,,,,,
429,,,,,,,,,,,,,,,,,,,,s463,,,,,,,,,,,,,,,,,,,,,,,,,,,,,,,,,,,,,,,,,,,,,,,,,,,,,,,,,,,,,,,,,,,,,,,,,,,,,,,,,,,,,,,
430,r208,,,,,,,,,,,,,,,,,,,,,,,,,,,,,,,,,,,,,,,,,,,,,,,,,,,,,,,,,,,,,,,,,,,,,,,,,,,,,,,,,,,,,,,,,,,,,,,,,,,,,,,,,,
431,r222,,,,,,,,,,,,,,,,,,,,,,,,,,,,,,,,,,,,,,,,,,,,,,,,,,,,,,,,,,,,,,,,,,,,,,,,,,,,,,,,,,,,,,,,,,,,,,,,,,,,,,,,,,
432,,,,,,,,,,,,,,,,,,,,s464,,,,,,,,,,,,,,,,,,,,,,,,,,,,,,,,,,,,,,,,,,,,,,,,,,,,,,,,,,,,,,,,,,,,,,,,,,,,,,,,,,,,,,,
433,,,s92,,s87,s86,,s88,s89,,s90,,,,,,,,,,,,,,s91,,,s84,,,s120,,,,,,,s8,,s82,,,,,,,,,s83,,,,,,,s79,s77,s85,,,s75,,,,s81,,,s76,,,,,,,,,,,,s74,,,,s9,,,,,,s80,,,s78,,,,,,,,,,,,s10,,
434,r212,,,,,,,,,,,,,,,,,,,,,,,,,,,,,,,,,,,,,,,,,,,,,,,,,,,,,,,,,,,,,,,,,,,,,,,,,,,,,,,,,,,,,,,,,,,,,,,,,,,,,,,,,,
435,r218,,,,,,,,,,,,,,,,,,,,,,,,,,,,,,,,,,,,,,,,,,,,,,,,,,,,,,,,,,,,,,,,,,,,,,,,,,,,,,,,,,,,,,,,,,,,,,,,,,,,,,,,,,
436,,,s92,,s87,s86,,s88,s89,,s90,,,,,,,,,,,,,,s91,,,s84,,,,,,,,,,,,s82,,,,,,,,,s83,,,,,,,s79,s77,s85,,,s75,,,,s81,,,s76,,,,,,,,,,,,s74,,,,,,,,,,s80,,,s78,,,,,,,,,,,,,,
437,r217,,,,,,,,,,,,,,,,,,,,,,,,,,,,,,,,,,,,,,,,,,,,,,,,,,,,,,,,,,,,,,,,,,,,,,,,,,,,,,,,,,,,,,,,,,,,,,,,,,,,,,,,,,
438,,,,,,,,,,,,,,,,,,,,s467,,,,,,,,,,,,,,,,,,,,,,,,,,,,,,,,,,,,,,,,,,,,,,,,,,,,,,,,,,,,,,,,,,,,,,,,,,,,,,,,,,,,,,,
439,r235,,,,,,,,,,,,,,,,,,,,,,,,,,,,,,,,,,,,,,,,,,,,,,,,,,,,,,,,,,,,,,,,,,,,,,,,,,,,,,,,,,,,,,,,,,,,,,,,,,,,,,,,,,
440,r236,,,,,,,,,,,,,,,,,,,,,,,,,,,,,,,,,,,,,,,,,,,,,,,,,,,,,,,,,,,,,,,,,,,,,,,,,,,,,,,,,,,,,,,,,,,,,,,,,,,,,,,,,,
441,,,s92,,s87,s86,,s88,s89,,s90,,,,,,,,,,,,,,s91,,,s84,,,,,,,,,,,,s82,,,,,,,,,s83,,,,,,,s79,s77,s85,,,s75,,,,s81,,,s76,,,,,,,,,,,,s74,,,,,,,,,,s80,,,s78,,,,,,,,,,,,,,
442,r246,,,,,,,,,,,,,,,,,,,,,,,,,,,,,,,,,,,,,,,,,,,,,,,,,,,,,,,,,,,,,,,,,,,,,,,,,,,,,,,,,,,,,,,,,,,,,,,,,,,,,,,,,,
443,,,s92,,s87,s86,,s88,s89,,s90,,,,s215,,,,,,,s126,,,s91,,,s84,,,,,,s212,s203,,,,s211,s82,s204,,s208,,,,,,s83,,,,,s209,s201,s79,s77,s85,,s210,s202,s205,,,s81,,,s76,,,,,,,,,,,s199,s74,,,,,s213,,,,,s80,,,s78,,,s206,,,s200,,,,,,,s207,
444,,,s92,,s87,s86,,s88,s89,,s90,,,,s215,,,,,,,s126,,,s91,,,s84,,,,,,s212,s203,,,,s211,s82,s204,,s208,,,,,,s83,,,,,s209,s201,s79,s77,s85,,s210,s202,s205,,,s81,,,s76,,,,,,,,,,,s199,s74,,,,,s213,,,,,s80,,,s78,,,s206,,,s200,,,,,,,s207,
445,,,s92,,s87,s86,,s88,s89,,s90,,,,s215,,,,,,,s126,,,s91,,,s84,,,,,,s212,s203,,,,s211,s82,s204,,s208,,,,,,s83,,,,,s209,s201,s79,s77,s85,,s210,s202,s205,,,s81,,,s76,,,,,,,,,,,s199,s74,,,,,s213,,,,,s80,,,s78,,,s206,,,s200,,,,,,,s207,
446,,,s92,,s87,s86,,s88,s89,,s90,,,,,,,,,,,,,,s91,,,s84,,,,,,,,,,,,s82,,,,,,,,,s83,,,,,,,s79,s77,s85,,,s75,,,,s81,,,s76,,,,,,,,,,,,s74,,,,,,,,,,s80,,,s78,,,,,,,,,,,,,,
447,,,,,,,,,,,,,,,,,,,,,,,,,,,,,,,,,,,,,,,,,,,,,,,,,,,,,,,,,,,,,,,,,,,,,,,,,,,,,,,,,,s473,,,,,,,,,,,,,,,,,,,,,,,,,
448,,,s92,,s87,s86,s474,s88,s89,,s90,,,,,,,,,,,,,,s91,,,s84,,,,,,,,,,,,s82,,,,,,,,,s83,,,,,,,s79,s77,s85,,,s75,,,,s81,,,s76,,,,,,,,,,,,s74,,,,,,,,,,s80,,,s78,,,,,,,,,,,,,,
449,,,s92,,s87,s86,s476,s88,s89,,s90,,,,,,,,,,,,,,s91,,,s84,,,,,,,,,,,,s82,,,,,,,,,s83,,,,,,,s79,s77,s85,,,s75,,,,s81,,,s76,,,,,,,,,,,,s74,,,,,,,,,,s80,,,s78,,,,,,,,,,,,,,
450,r233,,,,,,,,,,,,,,,,,,,,,,,,,,,,,,,,,,,,,,,,,,,,,,,,,,,,,,,,,,,,,,,,,,,,,,,,,,,,,,,,,,,,,,,,,,,,,,,,,,,,,,,,,,
451,r224,,,,,,,,,,,,,,,,,,,,,,,,,,,,,,,,,,,,,,,,,,,,,,,,,,,,,,,,,,,,,,,,,,,,,,,,,,,,,,,,,,,,,,,,,,,,,,,,,,,,,,,,,,
452,r229,,,,,,,,,,,,,,,,,,,,,,,,,,,,,,,,,,,,,,,,,,,,,,,,,,,,,,,,,,,,,,,,,,,,,,,,,,,,,,,,,,,,,,,,,,,,,,,,,,,,,,,,,,
453,,,s92,,s87,s86,,s88,s89,,s90,,,,,,,,,,,s228,,,s91,,,s84,,,,,,,,,,,,s82,,,,,,,,,s83,,,,,,,s79,s77,s85,,,s75,,,,s81,,,s76,,,,,,,,,,,,s74,,,,,,,,,,s80,,,s78,,,,,,,,,,,,,,
454,r172,,,,,,,,,,,,,,,,,,,,,,,,,,,,,,,,,,,,,,,,,,,,,,,,,,,,,,,,,,,,,,,,,,,,,,,,,,,,,,,,,,,,,,,,,,,,,,,,,,,,,,,,,,
455,r175,,,,,,,,,,,,,,,,,,,,,,,,,,,,,,,,,,,,,,,,,,,,,,,,,,,,,,,,,,,,,,,,,,,,,,,,,,,,,,,,,,,,,,,,,,,,,,,,,,,,,,,,,,
456,,,s92,,s87,s86,,s88,s89,,s90,,,,,,,,,,,,,,s91,,,s84,,,,,,,,,,,,s82,,,,,,,,,s83,,,,,,,s79,s77,s85,,,s75,,,,s81,,,s76,,,,,,,,,,,,s74,,,,,,,,,,s80,,,s78,,,,,,,,,,,,,,
457,,,,,,,,,,,,,,,,,,,,,,,,,,,,,,,s27,,s11,,,s12,s21,s8,,,s422,,,s19,,,,s25,,,,,s18,,,,,,,,,,s22,,,,s14,,,,,s15,,,,,,,,,,,,s9,,,,s13,s16,,,,,s23,,,,,,,s1,s24,s17,s20,s10,,
458,r12,,,,,,,,,,,,,,,,,,,,,,,,,,,,,,,,,,,,,,,,,,,,,,,,,,,,,,,,,,,,,,,,,,,,,,,,,,,,,,,,,,,,,,,,,,,,,,,,,,,,,,,,,,
459,,,s92,,s87,s86,,s88,s89,,s90,,,,,,,,,,,,,,s91,,,s84,,,,,,,,,,,,s82,,,,,,,,,s83,,,,,,,s79,s77,s85,,,s75,,,,s81,,,s76,,,,,,,,,,,,s74,,,,,,,,,,s80,,,s78,,,,,,,,,,,,,,
460,,,s92,,s87,s86,,s88,s89,,s90,s335,,,,,,,s334,,,s228,,s482,s91,,,s84,,,,,,,,,,,,s82,,,,,,,,,s83,,,,,,,s79,s77,s85,,,s75,,,,s81,,,s76,,,,,,,,,,,,s74,,,,,,,,,,s80,,,s78,,,,,,,,,,,,,,
461,r25,,,,,,,,,,,,,,,,,,,,,,,,,,,,,,,,,,,,,,,,,,,,,,,,,,,,,,,,,,,,,,,,,,,,,,,,,,,,,,,,,,,,,,,,,,,,,,,,,,,,,,,,,,
462,r205,,,,,,,,,,,,,,,,,,,,,,,,,,,,,,,,,,,,,,,,,,,,,,,,,,,,,,,,,,,,,,,,,,,,,,,,,,,,,,,,,,,,,,,,,,,,,,,,,,,,,,,,,,
463,r207,,,,,,,,,,,,,,,,,,,,,,,,,,,,,,,,,,,,,,,,,,,,,,,,,,,,,,,,,,,,,,,,,,,,,,,,,,,,,,,,,,,,,,,,,,,,,,,,,,,,,,,,,,
464,r214,,,,,,,,,,,,,,,,,,,,,,,,,,,,,,,,,,,,,,,,,,,,,,,,,,,,,,,,,,,,,,,,,,,,,,,,,,,,,,,,,,,,,,,,,,,,,,,,,,,,,,,,,,
465,,,,,,,,,,,,,,,,,,,,s483,,,,,,,,,,,,,,,,,,,,,,,,,,,,,,,,,,,,,,,,,,,,,,,,,,,,,,,,,,,,,,,,,,,,,,,,,,,,,,,,,,,,,,,
466,,,,,,,,,,,,,,,,,,,,s484,,,,,,,,,,,,,,,,,,,,,,,,,,,,,,,,,,,,,,,,,,,,,,,,,,,,,,,,,,,,,,,,,,,,,,,,,,,,,,,,,,,,,,,
467,r215,,,,,,,,,,,,,,,,,,,,,,,,,,,,,,,,,,,,,,,,,,,,,,,,,,,,,,,,,,,,,,,,,,,,,,,,,,,,,,,,,,,,,,,,,,,,,,,,,,,,,,,,,,
468,,,,,,,s485,,,s276,,,,,,,,,,,,,,,,,,,,,,,,,,,,,,,,,,,,,,,,,,,,,,,,,,,,,,,,,,,,,,,,,,,,,,,,,,,,,,,,,,,,,,,,,,,,,,,,,
469,r260,,,,,,,,,,,,,,,,,,,,,,,,,,,,,,,,,,,,,,,,,,,,s486,,s487,,,,,,,,,,,,,,,,,,,,,,,,,,,,,,,,,,,,,,,,,,,,,,,,,,,,,,,,,,,,
470,r264,,,,,,,,,,,,,,,,,,,,,,,,,,,,,,,,,,,,,,,,,,,,,,,,,,,,,,,,,,,,,,,,,,,,,,,,,,,,,,,,,,,,,,,,,,,,,,,,,,,,,,,,,,
471,r265,,,,,,,,,,,,,,,,,,,,,,,,,,,,,,,,,,,,,,,,,,,,,,,,,,,,,,,,,,,,,,,,,,,,,,,,,,,,,,,,,,,,,,,,,,,,,,,,,,,,,,,,,,
472,,,,,,,s489,,,s276,,,,,,,,,,,,,,,,,,,,,,,,,,,,,,,,,,,,,,,,,,,,,,,,,,,,,,,,,,,,,,,,,,,,,,,,,,,,,,,,,,,,,,,,,,,,,,,,,
473,,,,,,s490,,,,,,,,,,,,,,,,,,,,,,,,,,,,,,,,,,,,,,,,,,,,,,,,,,,,,,,,,,,,,,,,,,,,,,,,,,,,,,,,,,,,,,,,,,,,,,,,,,,,,
474,,,s92,,s87,s86,,s88,s89,,s90,,,,s215,,,,,,,s126,,,s91,,,s84,,,,,,s212,s203,,,,s211,s82,s204,,s208,,,,,,s83,,,,,s209,s201,s79,s77,s85,,s210,s202,s205,,,s81,,,s76,,,,,,,,,,,s199,s74,,,,,s213,,,,,s80,,,s78,,,s206,,,s200,,,,,,,s207,
475,,,,,,,s492,,,s276,,,,,,,,,,,,,,,,,,,,,,,,,,,,,,,,,,,,,,,,,,,,,,,,,,,,,,,,,,,,,,,,,,,,,,,,,,,,,,,,,,,,,,,,,,,,,,,,,
476,,,s92,,s87,s86,,s88,s89,,s90,,,,s215,,,,,,,s126,,,s91,,,s84,,,,,,s212,s203,,,,s211,s82,s204,,s208,,,,,,s83,,,,,s209,s201,s79,s77,s85,,s210,s202,s205,,,s81,,,s76,,,,,,,,,,,s199,s74,,,,,s213,,,,,s80,,,s78,,,s206,,,s200,,,,,,,s207,
477,,,,,,,s494,,,s276,,,,,,,,,,,,,,,,,,,,,,,,,,,,,,,,,,,,,,,,,,,,,,,,,,,,,,,,,,,,,,,,,,,,,,,,,,,,,,,,,,,,,,,,,,,,,,,,,
478,r228,,,,,,,,,,,,,,,,,,,,,,,,,,,,,,,,,,,,,,,,,,,,,,,,,,,,,,,,,,,,,,,,,,,,,,,,,,,,,,,,,,,,,,,,,,,,,,,,,,,,,,,,,,
479,r16,,,,,,,,,,,,,,,,,,,,,,,,,,,,,,,,,,,,,,,,,,,,,,,,,,,,,,,,,,,,,,,,,,,,,,,,,,,,,,,,,,,,,,,,,,,,,,,,,,,,,,,,,,
480,r14,,,,,,,,,,,,,,,,,,,,,,,,,,,,,,,,,,,,,,,,,,,,,,,,,,,,,,,,,,,,,,,,,,,,,,,,,,,,,,,,,,,,,,,,,,,,,,,,,,,,,,,,,,
481,r15,,,,,,,,,,,,,,,,,,,,,,,,,,,,,,,,,,,,,,,,,,,,,,,,,,,,,,,,,,,,,,,,,,,,,,,,,,,,,,,,,,,,,,,,,,,,,,,,,,,,,,,,,,
482,r26,,,,,,,,,,,,,,,,,,,,,,,,,,,,,,,,,,,,,,,,,,,,,,,,,,,,,,,,,,,,,,,,,,,,,,,,,,,,,,,,,,,,,,,,,,,,,,,,,,,,,,,,,,
483,r213,,,,,,,,,,,,,,,,,,,,,,,,,,,,,,,,,,,,,,,,,,,,,,,,,,,,,,,,,,,,,,,,,,,,,,,,,,,,,,,,,,,,,,,,,,,,,,,,,,,,,,,,,,
484,r216,,,,,,,,,,,,,,,,,,,,,,,,,,,,,,,,,,,,,,,,,,,,,,,,,,,,,,,,,,,,,,,,,,,,,,,,,,,,,,,,,,,,,,,,,,,,,,,,,,,,,,,,,,
485,,,,,,,,,,,,,,,,,,,,,,s126,,,,,,,,,,,,,,,,,,,,,,,,,,,,,,,,,,,,,,,,,,,,,,,,,,,,,,,,,,,,,,,,,,,,,,,,,,,,,,,,,,,,,
486,,,,,,s496,,,,,,,,,,,,,,,,,,,,,,,,,,,,,,,,,,,,,,,,,,,,,,,,,,,,,,,,,,,,,,,,,,,,,,,,,,,,,,,,,,,,,,,,,,,,,,,,,,,,,
487,r258,,,,,,,,,,,,,,,,,,,,,,,,,,,,,,,,,,,,,,,,,,,,,,,,,,,,,,,,,,,,,,,,,,,,,,,,,,,,,,,,,,,,,,,,,,,,,,,,,,,,,,,,,,
488,r263,,,,,,,,,,,,,,,,,,,,,,,,,,,,,,,,,,,,,,,,,,,,s498,,s499,,,,,,,,,,,,,,,,,,,,,,,,,,,,,,,,,,,,,,,,,,,,,,,,,,,,,,,,,,,,
489,,,,,,,,,,,,,,,s500,,,,,,,,,,,,,,,,,,,,,,,,,,,,,,,,,,,,,,,,,,,,,,,,,,,,,,,,,,,,,,,,,,,,,,,,,,,,,,,,,,,,,,,,,,,,
490,,,s92,,s87,s86,,s88,s89,,s90,,,,,,,,,,,,,,s91,,,s84,,,,,,,,,,,,s82,,,,,,,,,s83,,,,,,,s79,s77,s85,,,s75,,,,s81,,,s76,,,,,,,,,,,,s74,,,,,,,,,,s80,,,s78,,,,,,,,,,,,,,
491,r269,,,,,,,,,,,,,,,,,,,,,,,,,,,,,,,,,,,,,,,,,,,,,,,,,,,,,,,,,,,,,,,,,,,,,,,,,,,,,,,,,,,,,,,,,,,,,,,,,,,,,,,,,,
492,,,s92,,s87,s86,,s88,s89,,s90,,,,s215,,,,,,,s126,,,s91,,,s84,,,,,,s212,s203,,,,s211,s82,s204,,s208,,,,,,s83,,,,,s209,s201,s79,s77,s85,,s210,s202,s205,,,s81,,,s76,,,,,,,,,,,s199,s74,,,,,s213,,,,,s80,,,s78,,,s206,,,s200,,,,,,,s207,
493,r267,,,,,,,,,,,,,,,,,,,,,,,,,,,,,,,,,,,,,,,,,,,,,,,,,,,,,,,,,,,,,,,,,,,,,,,,,,,,,,,,,,,,,,,,,,,,,,,,,,,,,,,,,,
494,,,s92,,s87,s86,,s88,s89,,s90,,,,s215,,,,,,,s126,,,s91,,,s84,,,,,,s212,s203,,,,s211,s82,s204,,s208,,,,,,s83,,,,,s209,s201,s79,s77,s85,,s210,s202,s205,,,s81,,,s76,,,,,,,,,,,s199,s74,,,,,s213,,,,,s80,,,s78,,,s206,,,s200,,,,,,,s207,
495,r272,,,,,,,,,,,,,,,,,,,,,,,,,,,,,,,,,,,,,,,,,,,,,,,,,,,,,,,,,,,,,,,,,,,,,,,,,,,,,,,,,,,,,,,,,,,,,,,,,,,,,,,,,,
496,,,s92,,s87,s86,,s88,s89,,s90,,,,,,,,,,,,,,s91,,,s84,,,,,,,,,,,,s82,,,,,,,,,s83,,,,,,,s79,s77,s85,,,s75,,,,s81,,,s76,,,,,,,,,,,,s74,,,,,,,,,,s80,,,s78,,,,,,,,,,,,,,
497,,,s92,,s87,s86,,s88,s89,,s90,,,,s215,,,,,,,s126,,,s91,,,s84,,,,,,s212,s203,,,,s211,s82,s204,,s208,,,,,,s83,,,,,s209,s201,s79,s77,s85,,s210,s202,s205,,,s81,,,s76,,,,,,,,,,,s199,s74,,,,,s213,,,,,s80,,,s78,,,s206,,,s200,,,,,,,s207,
498,,,,,,s506,,,,,,,,,,,,,,,,,,,,,,,,,,,,,,,,,,,,,,,,,,,,,,,,,,,,,,,,,,,,,,,,,,,,,,,,,,,,,,,,,,,,,,,,,,,,,,,,,,,,,
499,r261,,,,,,,,,,,,,,,,,,,,,,,,,,,,,,,,,,,,,,,,,,,,,,,,,,,,,,,,,,,,,,,,,,,,,,,,,,,,,,,,,,,,,,,,,,,,,,,,,,,,,,,,,,
500,r266,,,,,,,,,,,,,,,,,,,,,,,,,,,,,,,,,,,,,,,,,,,,,,,,,,,,,,,,,,,,,,,,,,,,,,,,,,,,,,,,,,,,,,,,,,,,,,,,,,,,,,,,,,
501,,,,,,,,,,s508,,,,,,,,,,,,,,,,,,,,,,,,,,,,,,,,,,,,,,,,,,,,,,,,,,,,,,,,,,,,,,,,,,,,,,,,,,,,,,,,,,,,,,,,,,,,,,,,,
502,r270,,,,,,,,,,,,,,,,,,,,,,,,,,,,,,,,,,,,,,,,,,,,,,,,,,,,,,,,,,,,,,,,,,,,,,,,,,,,,,,,,,,,,,,,,,,,,,,,,,,,,,,,,,
503,r268,,,,,,,,,,,,,,,,,,,,,,,,,,,,,,,,,,,,,,,,,,,,,,,,,,,,,,,,,,,,,,,,,,,,,,,,,,,,,,,,,,,,,,,,,,,,,,,,,,,,,,,,,,
504,,,,,,,s509,,,s276,,,,,,,,,,,,,,,,,,,,,,,,,,,,,,,,,,,,,,,,,,,,,,,,,,,,,,,,,,,,,,,,,,,,,,,,,,,,,,,,,,,,,,,,,,,,,,,,,
505,r259,,,,,,,,,,,,,,,,,,,,,,,,,,,,,,,,,,,,,,,,,,,,,,,,,,,,,,,,,,,,,,,,,,,,,,,,,,,,,,,,,,,,,,,,,,,,,,,,,,,,,,,,,,
506,,,s92,,s87,s86,,s88,s89,,s90,,,,,,,,,,,,,,s91,,,s84,,,,,,,,,,,,s82,,,,,,,,,s83,,,,,,,s79,s77,s85,,,s75,,,,s81,,,s76,,,,,,,,,,,,s74,,,,,,,,,,s80,,,s78,,,,,,,,,,,,,,
507,,,s92,,s87,s86,,s88,s89,,s90,,,,s215,,,,,,,s126,,,s91,,,s84,,,,,,s212,s203,,,,s211,s82,s204,,s208,,,,,,s83,,,,,s209,s201,s79,s77,s85,,s210,s202,s205,,,s81,,,s76,,,,,,,,,,,s199,s74,,,,,s213,,,,,s80,,,s78,,,s206,,,s200,,,,,,,s207,
508,,,s92,,s87,s86,,s88,s89,,s90,,,,,,,,,,,,,,s91,,,s84,,,,,,,,,,,,s82,,,,,,,,,s83,,,,,,,s79,s77,s85,,,s75,,,,s81,,,s76,,,,,,,,,,,,s74,,,,,,,,,,s80,,,s78,,,,,,,,,,,,,,
509,,,s92,,s87,s86,,s88,s89,,s90,,,,s215,,,,,,,s126,,,s91,,,s84,,,,,,s212,s203,,,,s211,s82,s204,,s208,,,,,,s83,,,,,s209,s201,s79,s77,s85,,s210,s202,s205,,,s81,,,s76,,,,,,,,,,,s199,s74,,,,,s213,,,,,s80,,,s78,,,s206,,,s200,,,,,,,s207,
510,,,,,,,s514,,,s276,,,,,,,,,,,,,,,,,,,,,,,,,,,,,,,,,,,,,,,,,,,,,,,,,,,,,,,,,,,,,,,,,,,,,,,,,,,,,,,,,,,,,,,,,,,,,,,,,
511,r262,,,,,,,,,,,,,,,,,,,,,,,,,,,,,,,,,,,,,,,,,,,,,,,,,,,,,,,,,,,,,,,,,,,,,,,,,,,,,,,,,,,,,,,,,,,,,,,,,,,,,,,,,,
512,,,,,,,s515,,,,,,,,,,,,,,,,,,,,,,,,,,,,,,,,,,,,,,,,,,,,,,,,,,,,,,,,,,,,,,,,,,,,,,,,,,,,,,,,,,,,,,,,,,,,,,,,,,,,
513,r256,,,,,,,,,,,,,,,,,,,,,,,,,,,,,,,,,,,,,,,,,,,,,,,,,,,,,,,,,,,,,,,,,,,,,,,,,,,,,,,,,,,,,,,,,,,,,,,,,,,,,,,,,,
514,,,s92,,s87,s86,,s88,s89,,s90,,,,s215,,,,,,,s126,,,s91,,,s84,,,,,,s212,s203,,,,s211,s82,s204,,s208,,,,,,s83,,,,,s209,s201,s79,s77,s85,,s210,s202,s205,,,s81,,,s76,,,,,,,,,,,s199,s74,,,,,s213,,,,,s80,,,s78,,,s206,,,s200,,,,,,,s207,
515,,,,,,,s517,,,,,,,,,,,,,,,,,,,,,,,,,,,,,,,,,,,,,,,,,,,,,,,,,,,,,,,,,,,,,,,,,,,,,,,,,,,,,,,,,,,,,,,,,,,,,,,,,,,,
516,r257,,,,,,,,,,,,,,,,,,,,,,,,,,,,,,,,,,,,,,,,,,,,,,,,,,,,,,,,,,,,,,,,,,,,,,,,,,,,,,,,,,,,,,,,,,,,,,,,,,,,,,,,,,
517,,,s92,,s87,s86,,s88,s89,,s90,,,,s215,,,,,,,s126,,,s91,,,s84,,,,,,s212,s203,,,,s211,s82,s204,,s208,,,,,,s83,,,,,s209,s201,s79,s77,s85,,s210,s202,s205,,,s81,,,s76,,,,,,,,,,,s199,s74,,,,,s213,,,,,s80,,,s78,,,s206,,,s200,,,,,,,s207,
518,r271,,,,,,,,,,,,,,,,,,,,,,,,,,,,,,,,,,,,,,,,,,,,,,,,,,,,,,,,,,,,,,,,,,,,,,,,,,,,,,,,,,,,,,,,,,,,,,,,,,,,,,,,,,
